"","AC013264.2","AGER","AGR3","ANXA3","C11orf88","C11orf97","C12orf75","C1orf194","C20orf85","C2orf40","C5orf49","C9orf116","C9orf24","CAPSL","CATSPERD","CCDC78","CCNL1","CFAP126","DNAAF1","DYNLRB2","EFCAB1","FABP6","FAM183A","FAM229B","FAM92B","FXYD3","GAS6","HOPX","IGF2","LRRC46","LRRIQ1","MALL","MORN5","MS4A8","MT-ND5","NEAT1","NUPR1","OMG","PIFO","PIGR","RNASE1","ROPN1L","RP11-356K23.1","RPS4Y1","RSPH1","RSPH9","RTKN2","S100A14","SFTPC","SFTPD","SLPI","SNTN","TMEM190","TNNC1","UPK3B","ZMYND10","class"
"AC013264.2",0,0.000185872217469845,0.000743054411441136,0.000444306368364995,0.00486496068996475,0.00916249153196771,0.0051471784621143,0.00618742601944919,0.00592368613359824,0.012369052305403,0.00430839381071018,0.00212187165051429,0.00203392690779185,0.00865617605479788,0.0272521383610516,0.0111061876824024,0.0015488381010846,0.00606299556163218,0.00328119330709775,0.00422506483453809,0.00988127180587236,0.00399630815427852,0.000643005887397473,0.0130173272944708,0.00613863769563254,0.000840399711446789,0.00133758282582395,0.00188182695789851,0.000551800057951277,0.00537595829724729,0.00342561192715021,0.00231196001693347,0.0106826721547227,0.00177342137849757,0.00228215001437199,0.0028191851879702,0.00137390355562939,0.0241688107882635,0.00379582807157318,0.00173153966849548,0.00165884936658534,0.0140362874204982,0.00971589993288324,0.0016088056387896,0.00792334238468805,0.00474712280246603,0.000741847761257081,0.000886854793391394,0.000624318632201735,0.000226261427867642,0.0013315554551249,0.00383973802112474,0.00835841408265766,0.00167356521903249,0.00052508169337328,0.00728282794588118,0.000601630299448812
"AGER",0.000362944876673014,0,0.0110992790875453,0.14256983563313,0.00123829089537878,0.000388744820697375,0.00326899174532916,0.000641015461258328,0.000333568595919239,0.000348606139384616,0.000638058158553001,0.0017698721922631,0.000265667411518162,0.00103922931061098,0.00308322088528813,0.000496067769005804,0.0194057341857898,0.000330042929772489,0.000449369069778809,0.000771371066847648,0.000291308680033607,0.000588052788857279,0.000256036861065609,0.00502881921706416,0.000780435068375131,0.0342442759636198,0.113517182748344,0.0177696168910794,0.0100317273017555,0.000850650136362084,0.00149923378302825,0.0352407904661788,0.000859278867478967,0.000827352384020388,0.0135392276517997,0.0113193880563083,0.0196580053183868,0.000593110954543798,0.00286793874313225,0.0190598321350771,0.0119213884128134,0.000212980796786126,0.000240168668969815,0.0231479518128771,0.000941897557705035,0.00098420607099262,0.262458807272348,0.0185208879716068,0.0102454869099765,0.0106005669996917,0.0147034754196748,0.000835482589197022,0.000565412747396442,0.172812728553007,0.156995171022589,0.000785208140899074,0.0287579283066703
"AGR3",0.00544526828728782,0.0125223565597729,0,0.0222646825562371,0.00265101401729289,0.00446650745579478,0.00930744946529117,0.00478485691126604,0.00190309205314497,0.00369698596412915,0.00548045179918789,0.00972550796420524,0.00208961853144157,0.00392435261556847,0.00432214384213755,0.00627486318161195,0.0372944880340667,0.00850244924454521,0.00482084380515463,0.00475615398675457,0.0057184871473496,0.00976154965269637,0.00278181879414464,0.0141407673851393,0.00483680720595501,0.0500341006961775,0.0346149418431447,0.0247607264234176,0.0314095338282542,0.00717001055414985,0.00832365995078274,0.0298251449090391,0.00420771636056553,0.00577996632032559,0.035599198747341,0.0397536898288813,0.0453165799017614,0.00591736730750546,0.0128139532510446,0.0535933523142955,0.0355315718202814,0.00534105299135927,0.00773608787292873,0.0286272878224393,0.00692854611532374,0.00568811419718495,0.00983231873792935,0.032175104613799,0.0323131785013612,0.0360607608935153,0.046229694167388,0.00444666319798557,0.0116648816053754,0.0271397247984127,0.0236434168992668,0.00574905092617856,0.0411880035714198
"ANXA3",0.00270862981648485,0.115173444151952,0.00957201696627311,0,0.000152412076145178,0.000595177603090383,0.00561237019826782,0.000292101838865023,0.000236912516885768,0.000256864558444205,0.00166328982251791,0.00412771268949192,0.000557529572582831,0.000726546018441493,0.00109969842542158,0.000961875402609461,0.0170850319689388,0.00102667099531804,0.000439501999068014,0.000821951687219727,0.00102593261246928,0.00224681543506259,0.000127859683045689,0.00698956924993673,0.00134121129028457,0.0175014797212372,0.0576695641965795,0.0123406110981133,0.011608337903541,0.000980597685060911,0.00340495508637628,0.0479741807021208,0.00147677157053442,0.00269062019501057,0.0190316821746778,0.0119547102325305,0.0094943908053854,0.000682406305296133,0.00297624662594537,0.00674756706093487,0.0127275138105028,0.000324985866795728,0.000577629194151872,0.0171419644278771,0.00183156388679355,0.000686838917929617,0.115363321388566,0.0149957302526032,0.00950133894657341,0.00631051133843838,0.00944445090117882,0.00380235260624808,0.000713119842594097,0.0746666632772025,0.0850266170474626,0.00144782326512598,0.0175702294335407
"C11orf88",0.065445673761476,0.00121187939069402,0.0039040288628868,0.00144566422475183,0,0.0514714347222485,0.0550296548977533,0.0827235246503626,0.0905427467118727,0.0772579317577011,0.058839216927354,0.0585757610549182,0.0846860368091355,0.0654013565927693,0.0480006046032416,0.0313245875881702,0.00245028864919285,0.0650810682854633,0.0489172979045256,0.0593851650176031,0.0497775505498333,0.0330337626464704,0.0812432965243522,0.0211303431223154,0.0875516552494772,0.00447986627221075,0.00255312339280556,0.0249919705226063,0.00122576676852426,0.0253060377591368,0.0383904085440485,0.00970376646024261,0.077324209752511,0.0395992560975087,0.00287359804446875,0.00201473673711298,0.00194540607097486,0.09350512826742,0.0663283373832927,0.00230928395916075,0.0123581556840117,0.0427277034492926,0.0671385688765426,0.00292060497132788,0.0393178491156321,0.0488204374036396,0.00043637540559425,0.010773011208566,0.00269074278811103,0.00352588524622779,0.00219937256868668,0.0478892606024537,0.0407960533538442,0.00117124489463564,0.000212443181331266,0.0411960210479421,0.00481542230937403
"C11orf97",0.0174731979854706,0.00019050318864055,0.000532365174159903,0.000551880834438269,0.00819081714886788,0,0.0106293509045066,0.0039700290729379,0.0083141558800301,0.00858127181389174,0.0110650191889337,0.016017399756112,0.00996525127876145,0.0324538198726793,0.0144130869054604,0.0331416875029256,0.00145333616385838,0.0102766319542862,0.0179630920253194,0.0226585112462355,0.013948558532493,0.0122753552376278,0.00984505611297751,0.0133825349665556,0.0123984739651686,0.000859135522750719,0.00491010179212732,0.00250001812553835,0.000207942351148235,0.0124434209668119,0.00637953305471059,0.00122004715552407,0.010382693328216,0.0102049595698772,0.00089809840145079,0.000933153494831294,0.00149971576917373,0.00530617553130748,0.00639519344979108,0.00179142978472864,0.00274591745516831,0.0162606393791216,0.0107441269645678,0.00156090578508668,0.0122743088358651,0.0192045574375505,0.000164381898301334,0.00172444156329247,0.00092220525971047,0.00018491044952076,0.000894414466924376,0.019213146426933,0.0373286552085135,0.000234340972984825,0.000213785966757876,0.00733241870073694,0.000843920318170901
"C12orf75",0.00608675609108057,0.0029896858970315,0.00417116053054632,0.0069623508429476,0.0041227854236359,0.00526603650252267,0,0.00217527487816136,0.00360566980847582,0.00393597382402663,0.00489472992509459,0.00266528695697159,0.00275564129526756,0.00678446166282061,0.00661854037436492,0.00360388296441879,0.00761952037984483,0.00360216578862908,0.00895072113537205,0.00626007584914003,0.00400337016655149,0.00445378076798494,0.00364632618397087,0.0060096021360182,0.00366532440803266,0.00466435186588963,0.00755488808684185,0.00756987481590691,0.00784789880366934,0.00660350132167547,0.00660577454741932,0.00621162315594237,0.00406633740237174,0.0156509105908853,0.00901158179292309,0.00492352480381201,0.00477670117279961,0.00386998525865111,0.00465904373118924,0.00397594977456392,0.00551324287018727,0.00506523944881805,0.00384312145591344,0.00684504337618683,0.00421711559204004,0.00833308163135884,0.00183008851896444,0.0155630203679171,0.00320546587813213,0.00215657091038398,0.00299496554115088,0.00949810541792867,0.00512991675263109,0.00551083029866473,0.0030109716290351,0.00628746870223598,0.00413999242485138
"C1orf194",0.0756660479760844,0.00122315011678075,0.0159189295628736,0.00174952057258307,0.10271672699976,0.0388261520376446,0.044025479057722,0,0.0925016872334421,0.0827608570798166,0.0952787667262585,0.0700055989727222,0.101507203888947,0.0889610289063032,0.0585954198469911,0.0517069400575119,0.00238591903957435,0.0597498641633826,0.0646914779320464,0.0863742519353085,0.0512568389138519,0.080326029101516,0.0856829138177834,0.0411778844680121,0.0517458345096202,0.0050886148140693,0.00401599372902639,0.032718743998351,0.00199290641474633,0.0431399505449191,0.0559489341591579,0.0120525016558411,0.0736056863309841,0.0639865882966666,0.00282680987496511,0.00257315773591462,0.00231034323481913,0.0522020973862032,0.0583766094203752,0.00369184034339265,0.0199999415101327,0.0576140137066412,0.0328641248160669,0.00385891558555657,0.0858894500291722,0.0561595346866448,0.000435962702827902,0.0153572524548593,0.00310466889786992,0.00524715740512496,0.00232514636328207,0.0721320345625908,0.0317233374761261,0.00139101624547086,0.000759816547320187,0.0532324077436319,0.0137753062584524
"C20orf85",0.0831853606697291,0.00180031529631564,0.010509114897533,0.00219940310358817,0.0992242171078525,0.0843371737658251,0.0880594260301868,0.0999123026080358,0,0.10758408896551,0.0853973819871187,0.0895232388206165,0.118237034774661,0.0702882685225986,0.11144351616981,0.0859241057057161,0.00530374698620043,0.0765620115467826,0.106173519131766,0.108690821588961,0.0873317603491861,0.112744162891655,0.11494545098197,0.0523541421223029,0.0965979003935366,0.0069635931206896,0.00298625730709407,0.0362387174400043,0.0026212344384191,0.0907438799493883,0.0758567748958209,0.0191690361348908,0.0602974794166116,0.0913211590684946,0.00330498864821748,0.00414452507190152,0.00219346669797278,0.0472014725000595,0.0950091512691912,0.0021521399427866,0.038155243995226,0.0692894708689569,0.0791487667347715,0.00201501986807056,0.0917769942634598,0.0939113952253327,0.00194292616885467,0.0279129622940548,0.00326698026959278,0.00607413263560789,0.00245722943225836,0.105500653198469,0.0716960098609895,0.00145725592992581,0.000305967166022669,0.0842517018138068,0.00849765254631995
"C2orf40",0.0411578561963945,0.000512567794928771,0.00305585682003811,0.000768735961072519,0.0593621004574578,0.0257906915074394,0.0294411828750622,0.0454091018253562,0.0411602225762495,0,0.041756147540651,0.0313500900013027,0.0394473829418838,0.0240615475368465,0.0208354965006597,0.0417218628831351,0.00227027738998852,0.0266578719534449,0.0238093836929713,0.0289409124575855,0.0320015612680435,0.0323915547829417,0.030954368164591,0.0165862960965874,0.0408971059726964,0.00243781475240811,0.00330304879236933,0.0131628388615157,0.00162806431270779,0.0623900433938605,0.0370058844136646,0.00517511051594169,0.0308507892857027,0.0479642966182617,0.00100513019007185,0.00109230840352274,0.0016306428344113,0.0151660164033854,0.0377374485193201,0.00183015095575496,0.00795578920473984,0.0438528502544998,0.0729778129839661,0.00290763115377898,0.0378097474232951,0.0245761097695388,0.000326011621803325,0.00711747595200665,0.00148246625126754,0.00146286612098379,0.0023400317773315,0.0310985853355921,0.0291319657181868,0.000624305021003922,0.000187763191747093,0.0268212725934404,0.00245431730081333
"C5orf49",0.0264607001117743,0.000901335539268522,0.0072781615554284,0.00196689001981168,0.0275495496366578,0.0239822990404362,0.0315849437596012,0.0447977993984318,0.0259545596405462,0.0426744521512928,0,0.0164796571641239,0.0455152395693566,0.0415346339004719,0.0217166414861246,0.0226297073803445,0.00324388570486834,0.0460537619436246,0.022390906429325,0.0246420171564414,0.0280073732766573,0.0462774598075382,0.0418081637712401,0.03509752522292,0.0337462456761807,0.00298569705903157,0.00383572406782215,0.026463542561046,0.00116412190524959,0.0169443880506076,0.0442620596328649,0.0171038380081555,0.0367967069069115,0.0198205550688181,0.00325628179660808,0.00187472304621204,0.00224540408395441,0.0171263876736547,0.0218874565336401,0.0022772945590056,0.0140647329854492,0.0325614184323838,0.0238804752057044,0.00237926400088948,0.0461209183036372,0.0222340750084195,0.00170924920304762,0.015761173999936,0.0014930482005287,0.00212913042287588,0.00189116676588623,0.0335901906226412,0.0133740460994011,0.00139324544594316,0.000613592393302451,0.0508786202722373,0.00431164532819911
"C9orf116",0.00761345156835113,0.00226967254506257,0.0123876338278415,0.00732772554340928,0.0357060085199954,0.0302356714097613,0.0143034461498517,0.0284899786302839,0.0303207762903263,0.0280807968301173,0.0243592904550041,0,0.0398798839724759,0.0120618576066099,0.00980615530133535,0.0363011738452761,0.00648163127831957,0.0215102171783209,0.0293919624700761,0.0240932719402869,0.0113214631469723,0.0285367785629961,0.0420286627484225,0.00846388154730847,0.0129627151288334,0.0119236230229167,0.0056908775611943,0.00988572201481617,0.00592020718261157,0.024004586870828,0.0185942139855593,0.0187432770798345,0.0235526660064325,0.0327523720378229,0.00497235354208922,0.00391907097882948,0.00417302394857276,0.0199227960999312,0.0240821979462898,0.00330165052706151,0.00709984852652858,0.0242055961527385,0.00821052577910239,0.00548708164068759,0.0286044262312107,0.00979924251244059,0.00320185839824822,0.00534669880206849,0.00710968658799343,0.00785208261469081,0.00414827545605958,0.0251669683849811,0.0118563421724557,0.00583237313008556,0.00455824982091864,0.0152736717320844,0.00669851564811514
"C9orf24",0.0974906980735227,0.00136156619734296,0.0145113404143676,0.00502361070447783,0.12418887721817,0.106395084578217,0.0873055358121501,0.116655195191658,0.141812103406229,0.101728687304213,0.128991822731167,0.117202557297661,0,0.100203931983629,0.0877618764231913,0.114629368811851,0.00473196469297966,0.0898265776603942,0.102139535691899,0.111667375581204,0.0825227284981187,0.0882369958226967,0.140670521200048,0.0818529628199426,0.111122217371204,0.00843539270444334,0.00342106673341537,0.0603005955139188,0.00293479210767999,0.0916128902268265,0.107706299125524,0.0261095473897605,0.113467265475944,0.0987616290919094,0.00352930967176843,0.00255232354196012,0.00235027293033841,0.0835532955181983,0.0929585090254371,0.00406257623094822,0.0310390656672858,0.107101867334711,0.103908958527896,0.00290675377581175,0.108493100963027,0.0726262904917655,0.0015085795087841,0.0277799436762406,0.00409076685681287,0.00653694090816369,0.00367576052869247,0.120609439984088,0.0710669086856967,0.00252166995843493,0.00248219547019922,0.100499162986365,0.0157354854788648
"CAPSL",0.0324890737135607,0.000867822945538783,0.00136561492983433,0.00100843160012811,0.0335221722163554,0.0658714697625071,0.0485384171484069,0.0396832685408818,0.031199519135643,0.0243881645165106,0.0316511772679955,0.0146183300681348,0.0187735455716374,0,0.0437252777229779,0.0160372802057395,0.00200570470665919,0.0368711729105253,0.0237321001614898,0.0426213662126903,0.059769322415244,0.024403844298078,0.0207263934227145,0.0342975071897168,0.0432551845204938,0.0017302000196211,0.00224933826654065,0.00345099406584994,0.000738504839715427,0.014379185667367,0.0300049543690548,0.0112680115161188,0.0332736010834485,0.0379356604436742,0.00180599428058253,0.00158674603786736,0.00154970970312349,0.043032582547107,0.0131427568165294,0.00144301094077139,0.0126057707335235,0.0389135141733025,0.0418109504582778,0.00249089794687626,0.0301729420816351,0.061505920615309,0.000258754801434935,0.00797311909190309,0.00191015237086851,0.00131799953991333,0.00120455639702411,0.0198359655735985,0.039732680749899,0.000839483840893599,0.000180439966043139,0.0245873314690351,0.00213706550571055
"CATSPERD",0.0311136678167813,0.00022083429174528,0.000309368676088333,0.000584757398399537,0.00785290861988818,0.00937828387056506,0.00646661834378961,0.0038279260012575,0.00909843196781648,0.00488981376734682,0.0100610344215544,0.00452495188604571,0.00753344164221366,0.0158176940507343,0,0.0124393855515147,0.00117630506047671,0.0109534477339914,0.00558912486057248,0.0156164309007734,0.0364082301953095,0.011301651713516,0.00342640871832079,0.00683068229902535,0.0111061157911457,0.000715600698025671,0.0032632443744658,0.00112901254634379,0.000200383511307881,0.0121658948489872,0.00295417382129339,0.000661957286088809,0.0119081199211354,0.00500280104537021,0.00127664225207334,0.00134193557236564,0.00097126318638769,0.0224028790269757,0.00246574448964778,0.000717190712540688,0.00172811977874075,0.0112394605916208,0.0109760555287181,0.00111488327561643,0.012285111639798,0.00624448571659741,4.75891293543933e-05,0.000950021784189132,0.000541145039614707,0.000161853000068946,0.00124476682515745,0.00768778280925899,0.0135971211771472,8.46341059070539e-05,0.00030907590112075,0.00671338324820686,0.000468371828980929
"CCDC78",0.0256412331507035,0.000747923129389737,0.00258061110467276,0.00255774931813183,0.00390684282311083,0.0436519958101853,0.00869489688237762,0.0113791712875385,0.0182307774005878,0.02210146210679,0.0106795923081658,0.029614418816912,0.0129757709244748,0.0130915419578375,0.0265897235567104,0,0.00295512442135481,0.00963993281185659,0.0533558870228362,0.0071570587248177,0.0286618749511626,0.00820737239531696,0.00910851381172935,0.0120850466147387,0.03655613161657,0.00388044092280355,0.00492866464879062,0.00328673789040135,0.000875491607247211,0.0197997627868727,0.0323419936115539,0.0021209940302363,0.00969954902794699,0.0131835733191738,0.0015280703687499,0.000912103082543947,0.0036669923341665,0.00783768759594061,0.00565549936411572,0.0020156954391075,0.0048943396840597,0.0316262677243129,0.0159875186459571,0.00257933062457226,0.0211463874461,0.00890642561973885,0.000608665691515186,0.00303164317688726,0.00135232493580605,0.00126714039533334,0.00189919119941808,0.0149965491548393,0.0385480228541951,0.000608353186886996,0.000389590388213772,0.0155607375466558,0.00113586923051382
"CCNL1",0.00435068523762389,0.0121517407058297,0.0277616041785165,0.0239813682913796,0.00200342547282439,0.00702305619625976,0.0109060413272084,0.00167721840833678,0.00141187531992934,0.00346667741388151,0.00435548465459155,0.0122067372629823,0.00184791876212407,0.00361248833962584,0.00301436548921421,0.00336130053223713,0,0.00802807757865529,0.00313465007599514,0.00394031984754383,0.00304503851427363,0.0065131716814451,0.00130410216247555,0.0130077039181972,0.00360702506725478,0.0270418195081019,0.0240761381523204,0.0256917440378752,0.0270840014466477,0.00567480760214893,0.00808871087049331,0.0296579543452305,0.00388024366411462,0.00403160839060473,0.0552880984098725,0.11646707831841,0.0130553829628239,0.00664018385397999,0.0113141915301574,0.0151897029450703,0.0271650995976177,0.00240549586156545,0.00404860397457824,0.0399482927972345,0.00575041839864227,0.0046068751771417,0.010384920142019,0.0379016400680791,0.0146268807341181,0.0075465154902349,0.0152318878099765,0.00528047857083863,0.00622256113943165,0.0244377238640591,0.0199105264952728,0.0067710369701602,0.0355085446555259
"CFAP126",0.00487509919123909,0.000520076494430175,0.00830885140078238,0.00136164780507188,0.011719787156919,0.00506803399091291,0.00417761742635344,0.00561575826644686,0.00225542815492316,0.00464189084341283,0.00980087456473342,0.00870334755312004,0.0030102322191679,0.00617143969412902,0.0086985693773267,0.00230480847969647,0.00497029850788602,0,0.00825445295921812,0.00777204869733952,0.00506663560260793,0.00491755124331577,0.00178696233614471,0.0126466295325629,0.00492890052142204,0.00222688766143537,0.00172198563911711,0.00669634789564689,0.00154842028308967,0.00600001722067279,0.0134129081659611,0.00248838368547757,0.0226208879626846,0.00356073138414533,0.00364344564553148,0.00437919099225035,0.00150056180325349,0.00773789475407122,0.0199806273152561,0.003004139762701,0.00661081646026992,0.00626932381676865,0.00626981650611844,0.00206988417994121,0.00954768158655928,0.0281919455077279,0.000450485390387814,0.00355631169826203,0.00175286813003187,0.000971210396419922,0.00189288026699354,0.00837314549286741,0.0103747277650669,0.00166685480345223,0.000367205524445669,0.00988024350878151,0.000699837318466056
"DNAAF1",0.0172411366275743,0.000606826113963587,0.00186596065023359,0.00156443870064188,0.0245402637990404,0.0272896988641856,0.0384822796791532,0.0365965223370486,0.0533632626547102,0.0341046558347772,0.0181439764552449,0.0378749401679308,0.0427831796291622,0.037114871659219,0.0209145345532046,0.085560252329392,0.0036791478017576,0.0199575782474183,0,0.0217841638477486,0.0284019055427624,0.0279989060517173,0.0503745782306945,0.0310749583872451,0.0222639156851196,0.00196022578304391,0.00351198573260537,0.0150810862145134,0.00144691546622581,0.024598789430421,0.0793373533444411,0.00433907281303707,0.0149020066795026,0.0484841851964831,0.00510978331890769,0.00253663992617167,0.00128469530522277,0.0092153891859422,0.0360403473644195,0.00213312761185075,0.0163710386581738,0.0283030485591837,0.034588800012011,0.00435234579167151,0.031072926443123,0.0365020774708316,0.00068491188873667,0.0114516651163655,0.00201133207181619,0.00304031892339746,0.0015067781386031,0.0508074211921709,0.0356293338722299,0.00137231151064571,0.000596139444940664,0.0629578189820667,0.00529974560320028
"DYNLRB2",0.022342882275627,0.000843716322153664,0.00513261593969487,0.00148636897008728,0.0238807601610985,0.0424450363843753,0.0219912232672718,0.0465755291314983,0.031448523080524,0.0127157160094513,0.0210307472153571,0.0145213943374977,0.0311120900100489,0.0307793385716312,0.0555147655154026,0.0101108976520309,0.00237999396087263,0.0280307777377298,0.0104837446050264,0,0.0437069452949373,0.038581811253376,0.0369553314128962,0.0222794866994058,0.0166192938011953,0.00250158524059369,0.00264984418404899,0.0117912351190472,0.000991438345263138,0.0226523061761277,0.01254934267578,0.00561364004107445,0.0404524299897995,0.0267223613110524,0.00158546087443573,0.000984184974851307,0.00279293500319467,0.0125072992564756,0.0268604120493548,0.00197107458172939,0.00703591617760883,0.0169709938210429,0.0181026831785641,0.00337596145538545,0.0272662943531561,0.045872612164973,0.000242544551418943,0.0103668393268379,0.00156098068281184,0.000456429599876043,0.00141140337087297,0.0304826864352545,0.0112284206070536,0.00110183896824107,0.000645710329436818,0.0127000810926191,0.00572279083245203
"EFCAB1",0.0150354081195226,0.000254790555650718,0.000484045403573539,0.00119530854795762,0.0107095259905102,0.0137171114163629,0.00488722153717533,0.0074611544037339,0.00790378806767056,0.0112394490327407,0.00708912328876059,0.0034425788297302,0.00224925362406195,0.0214724399961021,0.0296872268533587,0.0151820310701489,0.00150752440380164,0.00875425527455867,0.00758723358472738,0.0173613651503339,0,0.00535941139240326,0.00483560156215134,0.0036501663158093,0.0217585065036229,0.000895567052209789,0.00193489728730258,0.00300236444206796,0.000311151707943245,0.0077202193275811,0.00487135348329891,0.000613854260683018,0.00750665244286034,0.0100407034008337,0.000717227150436035,0.000638042463184836,0.00102399351509638,0.0185435769208419,0.00350944375167733,0.00155882685225496,0.00230289090369623,0.0230141837535211,0.025498377619245,0.00265533428046816,0.00585760031286428,0.0120444062396136,7.16982446054797e-05,0.0013389269310819,0.000691838741983642,0.000112288365424496,0.00112402284283621,0.00677932970133157,0.0144819952704098,0.000451417678015444,0.000148941128632214,0.00690884397763147,0.000805744752177561
"FABP6",0.0107478785842787,0.00110565760780821,0.00719469230198463,0.00345864990103044,0.00996509607426833,0.01921867488681,0.0100778008838164,0.0132222787870109,0.0318327863504421,0.0211905513160274,0.0142802112226863,0.0172127762482563,0.00892301269493933,0.00774795343184775,0.0194780075308494,0.00744599780672674,0.00402278629061585,0.0130202642229181,0.0153757972286432,0.0141612041085038,0.00788645523725731,0,0.0277509587425276,0.0112509078215405,0.020537328758939,0.00313975343520194,0.00272316166447,0.00646478806443023,0.0036929357984828,0.00976124116553653,0.0142606618400447,0.00351238863777122,0.00756296716290084,0.0318988720982032,0.00286244400610905,0.00174562451037241,0.0023297298291517,0.00705931879576095,0.0215708622430411,0.00187579168752888,0.00633351490043475,0.00689671112287039,0.00899289088848416,0.00373561692516532,0.0113349618610657,0.0111599345450159,0.000648511548265472,0.00339289214333485,0.00430201644096459,0.00287887047668444,0.00224388408573744,0.0128985484887803,0.00765012468237035,0.00157830205516995,0.000944964037003878,0.0153563055480467,0.0121170874558623
"FAM183A",0.0622843626403499,0.00202010256276641,0.0165535274141871,0.00285268221656027,0.105120825088816,0.0944819811747951,0.0891944798487112,0.12274068030144,0.119982922647422,0.0954738966980446,0.0890870038114838,0.101268357615819,0.125102120440721,0.0709170535472671,0.0728088984665598,0.0989472823622724,0.00281897052972143,0.0598696957511871,0.097530169997155,0.105029576026874,0.0773953868801788,0.0955471393391711,0,0.0599585701658034,0.0732579571899081,0.00908624206387579,0.00369983015258865,0.0512454200636757,0.00395144687756863,0.102845425506612,0.0850714483204999,0.0233873954767825,0.0894986860065159,0.1214072026001,0.00302226499543707,0.00192564270653793,0.00264666973207631,0.055617174001201,0.0844061808300516,0.00388783500797812,0.031251830734119,0.0853472231648595,0.0923362299423777,0.00272144118723963,0.0828727869861441,0.0986579285047881,0.00119447496619125,0.0192361545291802,0.00634879439180536,0.0078510690665438,0.00443817392108828,0.105177558386824,0.0750626532210794,0.00244578162685358,0.00153616570297424,0.11845538400951,0.0152849473556162
"FAM229B",0.00936423676247946,0.00275969339278134,0.00727421186669153,0.0065746920665791,0.00222983563841371,0.00578230543772958,0.00478703132248054,0.00119700408201314,0.00164822319869599,0.00278669094900368,0.00441887395076315,0.00348184018707717,0.00237186068775411,0.00489710652118296,0.00479812491157751,0.00406546929493979,0.00776045379276647,0.00938637419105067,0.00416800484800642,0.00405900512236593,0.00470623933047066,0.00519963655909252,0.00251783139631607,0,0.00403412814598744,0.00463614514131506,0.00553113076957321,0.00408904986708209,0.00335039210152582,0.00585249807971008,0.00721530991036993,0.00524470432675775,0.00787106992009304,0.00341864504368708,0.00650697891423492,0.00623995460451375,0.00461001127915398,0.00503046112959349,0.00316190816480726,0.00330044814008423,0.00520845027758892,0.00796502914882021,0.00649181079938641,0.00582117604597659,0.00412867790773218,0.00613784314081559,0.00255956234790452,0.004920758549667,0.00325192637472157,0.0013508688197958,0.00426030855335411,0.00337238751296049,0.0110242942064514,0.00547341270395458,0.00263302416989703,0.00608826590075441,0.00667120912612391
"FAM92B",0.0100606905243483,0.000531385720556927,0.000543658059122915,0.000812971497862221,0.0217626796312712,0.0110271789801195,0.00615403779466091,0.0117905671896821,0.00471693306971993,0.0145487085473763,0.0137790517216695,0.00735128267646679,0.00654126629736852,0.0171825776396366,0.0112920901801537,0.0135625499391752,0.00153394506112289,0.0040510025656728,0.00603024767801409,0.0052408547704817,0.0238874109533208,0.00898951727870812,0.00229882896951568,0.00547966334462686,0,0.0013955679997966,0.00228448867411423,0.00200156094166813,0.000997692907320265,0.0229668614662933,0.00681792999934619,0.00100839014160312,0.0128635435355856,0.00766281033155629,0.00164462178326236,0.000957603581638809,0.00124279931685654,0.0239365386963631,0.00416167875054007,0.00106991868932726,0.00218060971057038,0.00871614338403046,0.0150932750704047,0.00164315562072945,0.00410892017647541,0.0102521463390872,0.000166540825678484,0.00168384779482495,0.0010426457865486,0.00079759984394456,0.000851638943661334,0.0067923579743515,0.0174858145980292,0.000352042096253259,0.00119529480838745,0.00651758670283367,0.001399876357448
"FXYD3",0.00524918181200177,0.0607918685347814,0.0485153044943585,0.0501687372099179,0.00234024010099841,0.00400721460543494,0.0106082531540019,0.00267310017708183,0.00161425115697321,0.00297963918198677,0.00428784115194966,0.00907774465505182,0.00144317304078178,0.00395754886679138,0.00374433255052033,0.00633379505330176,0.0489276785492856,0.00709815040735271,0.00650163832737516,0.00417914714931364,0.0036502223634198,0.00658036627858115,0.00187286792232933,0.0166319446355349,0.00648683713399974,0,0.0562894569526097,0.0360654466605116,0.0526975512934011,0.00699120237378361,0.00728129185655289,0.0483327440254001,0.00335005006010318,0.00580523241964378,0.0366695388105086,0.0465298346166579,0.0502377672314596,0.0069670621546188,0.0102204366253317,0.0372967733327384,0.035099950718019,0.00429446241758707,0.00597001814519953,0.0464092630256818,0.0073599755177412,0.00610148449594832,0.0403452946716874,0.0543387264007076,0.0236837768505529,0.0191253816850595,0.059508488257892,0.00393996680569436,0.00603326164789014,0.0573581534988527,0.0624432098519647,0.0055232748362275,0.0496586874061833
"GAS6",0.00245051874223009,0.0769390066821605,0.0118984208740844,0.0471002087692593,0.000493800891416612,0.00257375985399265,0.00402320152521128,0.00162325351078744,0.000697549207848514,0.00125694215673913,0.00178972642957167,0.00315810260593871,0.0004855757549068,0.00173500064804135,0.00169797936683954,0.00154338334274936,0.0179344436884365,0.00129541391026193,0.000959095780502985,0.00136090944489472,0.00126675147255896,0.00201457651972069,0.000470387034879667,0.00621503389356839,0.00194076517867412,0.0249397230741807,0,0.00819594535722284,0.00775794395371588,0.00240119639050915,0.0026085681711106,0.0203482441256532,0.00160439885584025,0.00156212368686365,0.0137697509248828,0.00835656702856216,0.0190383728996501,0.00398847647686448,0.00360544281584225,0.00883240949645979,0.0103915959920983,0.00106199809448849,0.00105610758335195,0.012931557571833,0.00184208548124702,0.00205394222699988,0.0738410783935797,0.010379157726916,0.0108168813295695,0.00719275312034604,0.00901761344508615,0.000726735669115959,0.00221936675237752,0.0448199097933452,0.0596405401533885,0.00206405880590323,0.0262538402171972
"HOPX",0.00413654230396375,0.0346905313170742,0.0322746716047776,0.040938168641553,0.00368281969423827,0.00209532348316134,0.0119631495886696,0.00271606901081672,0.00240276893656476,0.00123699779093659,0.0084586372223363,0.00908453091961306,0.00550244510033638,0.00154402957626751,0.00201215711168479,0.00288938675106785,0.0617042708918432,0.00630356767980914,0.00334527257690591,0.00261004735195388,0.00244136429204344,0.00538578740246129,0.00345725115397422,0.0148267334132804,0.00329751574641536,0.0372845214753754,0.0282166164673171,0,0.0586984232185286,0.00481749835071966,0.00830942586274578,0.0533075684617141,0.00333862193470995,0.00365473364320504,0.0637863008893856,0.0693443353129377,0.0179572185220449,0.00738233264923919,0.0169496439415477,0.0171586074865094,0.0406771140870357,0.00251394786784428,0.00232814690679616,0.0527968788288087,0.0072525686979751,0.00483432674961284,0.0356464218421993,0.0763257205310078,0.0181969401722319,0.0157140662912357,0.0211037476763644,0.00311354205239938,0.00541518650710017,0.0508658856422145,0.0463389457444069,0.00699705623477539,0.0147526539570829
"IGF2",0.000286874679101796,0.00324209664144109,0.0133493313969628,0.00661938142179102,0.000234167749296496,0.000484358444995944,0.00666757262025133,0.000283440669695302,0.00144441439486484,0.000242717901427715,0.000562214772559118,0.00224591279376885,0.00056536469187442,0.000868631491136586,0.000119556873614058,0.000482397352624966,0.0105005808005461,0.000311807471060611,0.000466174196906655,0.00026059751207847,0.000394263343925584,0.00142075079804619,0.000723480720267611,0.00106088453408701,0.000397568456418441,0.0306731300874365,0.00304443424779009,0.014607976031305,0,0.000585015652484207,0.000750784574125828,0.0180545149485052,0.000138371995737836,0.00300825439741724,0.0200292406215158,0.0260840148542621,0.00763220032369224,0.00308330154908376,0.000800301094207129,0.00603649676380569,0.0114298007619885,0.000153286296387284,0.000173434275202443,0.194975315974614,0.00401966691096123,0.0019453530714945,0.00560081626736655,0.010424917590815,0.00752295001487878,0.00478265058331591,0.00684280175290743,0.00100406412729253,0.000150365154678394,0.0144468164288426,0.0173563924357493,0.00100664993295369,0.00580317337427694
"LRRC46",0.00465993948132651,0.000693193044652531,0.00184493403515491,0.00151542113369967,0.00343847380915687,0.00651141446721666,0.00481024919646451,0.00129989829229446,0.00376617569220739,0.006276758061246,0.00290141956797014,0.00785708761541438,0.00363877270768411,0.00324073097243192,0.00876563161575862,0.00292891096641644,0.0032528358569607,0.00459312234973261,0.00661646855531991,0.00283424664546873,0.00549008666214167,0.00561870682986587,0.0039216386356621,0.0050508803506234,0.0100843007484067,0.00132189874221527,0.00250270477562119,0.00260765200368064,0.00124316383793763,0,0.00381676477856734,0.000910057893160816,0.00494367016313399,0.00550213670009668,0.000916471884744932,0.00102037691284514,0.00140275730771375,0.0133097934237247,0.0033235719706829,0.00129994696448543,0.00194085454814049,0.00571900501995545,0.0183670088414246,0.00401063972041132,0.00395375403445663,0.00541670403902337,0.000264195513190177,0.00304254567670383,0.00136409780430477,0.000515028615172476,0.0023174083668169,0.0079535445478987,0.00632803515411877,0.00105930518834344,0.00103207338528836,0.00528064306595613,0.000796537122754969
"LRRIQ1",0.00571268285922257,0.000891664844319154,0.00714371597305789,0.00421132540340051,0.00941775402060461,0.0132235273211854,0.00983128904910253,0.00848796408634221,0.0135848181907042,0.0214623163655671,0.0215588150025632,0.0141125680428902,0.0231294070153651,0.007544529536136,0.0128832705046978,0.0370889765815359,0.00488199744185919,0.0151300513870131,0.0667232999813262,0.00718841543871754,0.0159805432506018,0.0155866097913376,0.0141252856989767,0.0263652522777356,0.018531023341345,0.00293590032444153,0.0044027360720992,0.0135705149546654,0.00289843598180766,0.01028293424668,0,0.0101853772017018,0.011319522312136,0.015962246063005,0.00417599437595568,0.00435678789088554,0.00243687716088172,0.0121208175708211,0.0110621578567208,0.00190905083996366,0.0082075664240078,0.00847486006472668,0.0177170192964144,0.00538037570173847,0.0195361167064954,0.00644988270472413,0.000966111561621407,0.0113286853201377,0.00335871335076085,0.00250615132779738,0.00296387327184531,0.00995247983747492,0.00695095689998895,0.00207062745839325,0.00159201420599292,0.0109900083255068,0.00533436157242894
"MALL",0.00284790834440659,0.0167579155413446,0.0296643250790421,0.0379012554889662,0.00106203229349565,0.00132690735465749,0.0120835708130979,0.0019194661569315,0.00132496971034982,0.000744243233293573,0.00412483974332839,0.00948905496844405,0.00283355505494763,0.00148573363886458,0.00100533241342484,0.00259849032542706,0.0405445149544904,0.00463498338545361,0.00250867036588657,0.00245402055146161,0.00128580865785245,0.00471444634943346,0.00149183417187708,0.0122739260707801,0.001212006132087,0.0299474066782706,0.022928207884862,0.0372660683824683,0.0438072962946377,0.00362564301120562,0.00527267965955411,0,0.00184816652432062,0.00259508601466661,0.0496197897046604,0.0433486767243795,0.0162836400133156,0.0030177189130381,0.0108324416689935,0.0164729930564218,0.0269723730585648,0.00223356996320788,0.000886751882239957,0.0533690080540583,0.00607985181045355,0.00228407239754703,0.0170849286242271,0.0437765456565101,0.0191061037056249,0.0160318413581926,0.0178363149242216,0.00213682285667623,0.00293105423581027,0.0203972207766674,0.0188886852081329,0.0056737775882697,0.0285254399592053
"MORN5",0.0550970295496115,0.000390991570451934,0.00150663500566957,0.000848598977950273,0.0526436348574087,0.0175591509707258,0.0147060571505124,0.0331962067558543,0.0223800243583053,0.0319901354749275,0.0358811096862292,0.020932118585715,0.0407784977608643,0.0390996976260285,0.0407404907917838,0.014217840893241,0.00175673293667259,0.102826162408761,0.0142783470996902,0.0377502295133216,0.0315904531755719,0.0180761262677309,0.0199896117824161,0.0564918101218762,0.055512060822438,0.00139810329778949,0.00208705791382563,0.00700515718452431,0.000934162112858119,0.0244432567288902,0.0271094933686446,0.00272878297555651,0,0.0132099715543782,0.00239206203335086,0.00128054716629304,0.00202865541139082,0.075524323267696,0.0281527492391406,0.00124874840235184,0.00317405886468244,0.0517678636482946,0.0431301633277808,0.00276089594852126,0.0467976459855079,0.0286500883707422,0.00221690459429732,0.00324951813893788,0.00157665866808033,0.0019016828186548,0.00230780465710706,0.020442226893246,0.0328631473800854,0.000836335155947976,0.000662042588192121,0.0297745038826923,0.000686289200795771
"MS4A8",0.0070524191586515,0.000655921283782173,0.00379613577839526,0.00264213921306887,0.00915770971804198,0.0105795855383035,0.0272196177849479,0.0151866759505637,0.0107645260955528,0.0105933108744864,0.0112382447287877,0.0185414907520089,0.0160973260086456,0.0181441286069501,0.0134314782442573,0.00997848490174101,0.00242432213780897,0.00599838979300755,0.0145403719506951,0.0142044692347709,0.0123021014459957,0.0264618313675487,0.0242405001073903,0.00733382628263101,0.00844859344595089,0.00445595124406606,0.00326862303981775,0.0113610992103014,0.00450696194087785,0.0101100396315602,0.0134707955515158,0.00551604561522643,0.00356583538476432,0,0.00287168082423491,0.00168414143326036,0.00318521121169994,0.00752644792480699,0.00367956907772928,0.00443560305980115,0.00189999892188076,0.00917879861036879,0.0111870470262281,0.00487942645059959,0.0090578634649953,0.0111084123101507,0.000311637265032411,0.00649191721535629,0.00311057189396109,0.00808762786916229,0.00329501335642032,0.0152130356445766,0.0105255612853745,0.00185286149986957,0.000580014758652398,0.0196093011308275,0.00791622195134664
"MT-ND5",0.00727212531701735,0.0153061722580971,0.0300552885904983,0.0342226049384694,0.00265314256154203,0.00380109656200256,0.011587502052242,0.00254471251139881,0.000942978625254415,0.00350028043854591,0.00357152636621808,0.01044822847533,0.00184980451536423,0.00440071599105041,0.0118582880123263,0.00587309044826751,0.0717543080377737,0.0089112671586281,0.0118474165940683,0.00380678129413161,0.00471090476713646,0.00718661291136409,0.00147641770428612,0.0161405466581612,0.00435658989908544,0.0299471461769016,0.0289535467041594,0.0336839147952241,0.0353463246668443,0.00827884224924075,0.00984954406223308,0.043708658035268,0.00491798607179392,0.00562698588365285,0,0.153028024923536,0.0176042046704443,0.0222079144230622,0.0118679954549305,0.0200562343479229,0.030859926911991,0.00388762956250958,0.00402985161678733,0.0429381340546294,0.00774756653421593,0.00578631426115415,0.0161713593364178,0.0362759178479393,0.0228067880561201,0.0109929680640116,0.0211006720469336,0.00378710961097318,0.00565416624023944,0.0264479697900339,0.0239951773833525,0.00521682907039771,0.0170193697218927
"NEAT1",0.00922429393276461,0.0133925263097393,0.0345684252496978,0.030447499365432,0.00252229047592804,0.00555410644232201,0.0123941011147619,0.00273722332980989,0.00167723528626945,0.0043050349816291,0.0042786885802302,0.0106150802937193,0.00188162075442974,0.00435534898035492,0.00503730841599383,0.00507958894518303,0.166158560346058,0.00984263232688533,0.00577759887974928,0.0068438683430791,0.00428504117305077,0.00743435720377748,0.00168818208711632,0.0191194866089277,0.00881625854271766,0.0439873096943631,0.027026189310986,0.0367091765068205,0.0471856142098606,0.00739521774412164,0.00991919034685004,0.0423115466056277,0.00478424739062866,0.0055589013899027,0.186929546549999,0,0.025148682884176,0.0124549822058153,0.0176018595127585,0.0246908228976475,0.0410653324861804,0.00438646718786484,0.00358453690720558,0.0472157967109514,0.00816751818320392,0.00736821908289157,0.0158728775806225,0.0539163600744349,0.0294684882033504,0.0202506366901195,0.024338504648965,0.00706977892842694,0.00602070946966938,0.0275033727822393,0.0311062871087053,0.0068499846578298,0.0205173658502335
"NUPR1",0.00383441639233229,0.0227272244612843,0.0712345739285062,0.0206150350780294,0.00113916563804945,0.00259693799622159,0.00727655418793741,0.00139542636260185,0.000569406954708144,0.00270705538574434,0.0025897450484306,0.00575143977190632,0.00102917659729,0.00152776588052545,0.00289903096915289,0.00309951789364912,0.0305999062972982,0.00348034541501723,0.0034012849236713,0.00338776221162836,0.00320577444387128,0.00513346100072579,0.00057682333502181,0.0137254066367003,0.00253364961524046,0.0855222549554246,0.0412860770121423,0.0229819856105501,0.025338651729942,0.00590358949514124,0.00397090398985965,0.0274356024232215,0.00175402280658399,0.00259974898110631,0.0426389731725719,0.0321205505798465,0,0.00321286589181786,0.00997162574529741,0.0910337902681462,0.0345195302791894,0.0028845356668028,0.00223206625533647,0.0250904539439253,0.00338068725813065,0.00361814334320861,0.0148469421471392,0.0268092200128973,0.0995382859521784,0.113249505453606,0.0784686098087367,0.00280810526263472,0.00374273551808071,0.038572631889232,0.0207939521708685,0.00478534933227183,0.0792071985005599
"OMG",0.00767991385898518,0.000404280328037935,0.00110305613739394,0.000648551959212959,0.00593645194071214,0.00301589520083986,0.00226576586947682,0.00197502821067746,0.00187341590331445,0.00218082651646801,0.00169046591108185,0.00284965696439132,0.00320639991278113,0.00511820838202891,0.00796038570530913,0.00243742706003807,0.00208204885548678,0.00275713708583099,0.00289870601510394,0.00202468499313202,0.0045587456690049,0.00217895346535826,0.00218428469716415,0.00351048376555398,0.00814193673456171,0.00129328063244468,0.0021713650233893,0.00388023447019267,0.00131295879705395,0.00755839744386549,0.00252293457004317,0.000898717265619957,0.00753461855078789,0.00148688204371539,0.015751975418255,0.00564443186221693,0.00175567459261536,0,0.00219947666240925,0.00231808573361339,0.00182611594055949,0.00433060533244651,0.0124915162945242,0.00261999150994798,0.00121429911882893,0.00592165030054115,0.000166630686688098,0.000574110335250105,0.00137856218478918,0.000533184364538114,0.00129271135089476,0.0026420449771825,0.0120398719345127,0.000647024180705693,0.000213287080642466,0.00236745071921679,0.00116926113773293
"PIFO",0.0161807308101458,0.00360106013897043,0.0140049689659125,0.00483536146122937,0.0253186148388287,0.0119278108684853,0.0104177796564258,0.0125731326278632,0.0258714240118552,0.0103939012083353,0.00839428101172667,0.0146952331448412,0.0208424422005743,0.0037538666581884,0.00820062350923125,0.00402503540330454,0.0100055421164657,0.0207258589296876,0.0113178591155054,0.0123830518669648,0.00760113116704595,0.023425154661833,0.0218037119109476,0.00548420219596257,0.00509844245193698,0.00732857221816411,0.00537032595359056,0.0255343688747302,0.00487928567427149,0.0144506072355807,0.0153308690364402,0.0116014639164607,0.0206732356468149,0.00403641297557011,0.00813472136249398,0.0102095726163749,0.00326279588186537,0.0109539457673383,0,0.0043669579422903,0.00834383778058553,0.0100285349988372,0.00750191403316007,0.00574021662213324,0.01765682138336,0.0207796660134886,0.00270477861773624,0.00700684800056484,0.00319057544330285,0.00177944188624007,0.00430147758743364,0.0145553544406721,0.00653473816254814,0.00442659565743105,0.00191145107264009,0.0100542397029768,0.00801345450660436
"PIGR",0.00423334105411022,0.0201057593630978,0.0743147744552825,0.0201975905712011,0.00183250478498461,0.00303944724184153,0.00624058750166729,0.00127401374561441,0.000782683631950803,0.00161726640050481,0.00247759564444457,0.00475271970501907,0.00140334675403926,0.0032457055578229,0.00221747607599604,0.00242352874491567,0.024682382256871,0.00463241137243711,0.00110438300991544,0.00346663035152893,0.00374297225600865,0.0041653451101871,0.00126698989997928,0.00883444952715402,0.00353302456638953,0.0391526208707275,0.0223920497830096,0.0219258722717992,0.0193396852081156,0.00325731002721363,0.0027282839486625,0.0204379911155398,0.00120330675532275,0.00636342968620388,0.0288567444795145,0.0215076304465438,0.0844507079654124,0.00373900804753386,0.00882432136249907,0,0.0294086397065306,0.00289936366566292,0.00190928424087359,0.0241282084712112,0.00264046162566128,0.00394353685798014,0.00970816123033454,0.0297969660873542,0.0925528005061591,0.0954056478664799,0.147901949305115,0.00225036039986494,0.00265981290123753,0.0225106206295859,0.00996036081251186,0.00483724028497924,0.0640226393559762
"RNASE1",0.0042903222338916,0.0286708224145359,0.0484196116430441,0.0403455037539241,0.00206399990621479,0.00209337278022899,0.0124487189441496,0.00299762360937998,0.0044132941656182,0.00221072149316543,0.00657995824251989,0.011053884405263,0.00340479798825764,0.00490392110608957,0.00212711109064006,0.00602259131112426,0.0598132111987444,0.00672322719178016,0.00410061946152854,0.00290041960109026,0.00222305903742908,0.00716146250943443,0.00234590158715532,0.0142031385511375,0.003102591695698,0.0449743233771193,0.0357603300742399,0.0408110973676007,0.0434321589817549,0.0054294629009406,0.00875045863169929,0.0474185528173032,0.00184961984315533,0.00513056877047625,0.0522618611755547,0.0621822426870358,0.0377706760667767,0.0051019347224642,0.0141739840981458,0.0421743603636773,0,0.00299436519138793,0.00207258571244906,0.0394414635250098,0.00848343227060611,0.00340339743751719,0.026387764509318,0.0409330916611572,0.0494290909099835,0.0519382383927823,0.0556498087590363,0.00313053437723775,0.00179102075905114,0.0361079680454687,0.0321845107641886,0.00537717923562098,0.0374113731238943
"ROPN1L",0.0360448590123217,0.00045009025936505,0.00135673319187859,0.000427934332901035,0.013636682493953,0.0254137568808916,0.0113951098987609,0.026458454376498,0.016358434672491,0.0223986161698461,0.0241568359764888,0.0167628933016385,0.0167950097806324,0.0295927329477376,0.0198699339431077,0.0249869753341561,0.00152428363184459,0.0255032864609137,0.0150293702491212,0.016632914066659,0.0374498270574334,0.00943740678810466,0.0093557336357393,0.02173588298912,0.0132357454540411,0.00092141045743568,0.00181522537234392,0.00527380829361511,0.000438668038568581,0.0181337456752177,0.00906961242591028,0.00230623268909624,0.034370370684412,0.00854109687594491,0.0007270470508793,0.000658793964266007,0.00151228949746395,0.0173525479968481,0.0126868603835314,0.00107921980039137,0.00264963507321933,0,0.01132114783996,0.00144906421391708,0.0290399670008241,0.012354109584804,0.000137613604242337,0.00109820687862542,0.00172109950663847,0.000631197284186602,0.00113124104170407,0.0243009531995536,0.0357728722426149,0.00120081721662385,0.000180964286643935,0.023963109817565,0.000779238923881756
"RP11-356K23.1",0.0210072841596994,0.000158694026603339,0.000683715077494743,0.000473930654249597,0.0259379501047995,0.0138335812525056,0.00700720765831043,0.00553086368334261,0.0110564489878729,0.0259250063253368,0.00650416052767593,0.00571501035767891,0.0073556931704718,0.0268086636210327,0.0152038159828746,0.0099306606215871,0.00203339741011622,0.00699256167380545,0.00999979865287349,0.00834365982562065,0.0252766901806615,0.00583037889611535,0.0100069088544333,0.0134396671816487,0.0160348215143061,0.000930298850415534,0.00220834415830329,0.00589558551598067,0.000325103400180747,0.0377876080922608,0.00979835588189777,0.000632033477957939,0.0383773108686106,0.0117618507162771,0.00163553259889782,0.000661990458317089,0.00107202168019253,0.0600428406836574,0.0103824689237397,0.00112634744605649,0.00370130206252333,0.0100531753799787,0,0.00152357849571865,0.00748239064869382,0.00737347565900352,7.06231690112936e-05,0.00125496653832181,0.00135689284699498,0.000376764739364205,0.00102578737458396,0.0300582494659369,0.0259664199686145,0.000515340454817548,0.000443378655026647,0.00560932550688054,0.000711831600334725
"RPS4Y1",0.00403575240480339,0.0136109105920426,0.0337803401406756,0.0268002383716021,0.00186388669535291,0.00340518112030874,0.0124587633085553,0.0017330880099246,0.000805208646353315,0.00240214471316162,0.00627544993295834,0.00933373550537047,0.00187464328182755,0.00443772700185748,0.00394601875151482,0.00421918380307098,0.0504657597662388,0.00703862563694408,0.00425588452831025,0.00472587698716594,0.00512687350360346,0.00665385947424098,0.00125393559514743,0.0149259807299216,0.00405462591000273,0.0336834618229108,0.0230460214094131,0.0335346573548982,0.24920480564257,0.0118588447122347,0.00787431094468568,0.0538988225225669,0.00206212383831376,0.00475658985702635,0.0526632572279863,0.0480035880867192,0.0172137645584823,0.00481671154209288,0.0121200738498671,0.020941519567083,0.0352662820635138,0.00294820560905311,0.00378216212827966,0,0.00598763081497936,0.0060605729125742,0.0142652480666061,0.0528929913771384,0.0218510245970282,0.0155163513470723,0.0252471861603485,0.0029551954694712,0.00605464734929134,0.0287903668311858,0.0229138064917179,0.00519779515409038,0.0118476314785928
"RSPH1",0.0641464731850874,0.00146514544905074,0.0118956103256003,0.00467754636972965,0.0598413869741522,0.048206530327641,0.0472096388276999,0.0771827235365528,0.070566122116627,0.0571200288359708,0.0659362080526803,0.058744922031569,0.0722411850776176,0.0803884268264926,0.0634316195335666,0.0578868489670811,0.00654174038004062,0.0472244464585887,0.0495261547126614,0.0529739200717724,0.0677550094671082,0.0493220327338383,0.0747099295891234,0.0677782993685285,0.0423152660161669,0.00749799474873156,0.00400344921897165,0.0253466275321447,0.00672887938083512,0.0667316049837928,0.0683523625783115,0.019574721072518,0.0838486978180312,0.0455248847236304,0.00611465896723312,0.00559968974865397,0.00298567272891729,0.0569093086312191,0.0494115190850153,0.00409650423527758,0.0242769536409698,0.0703583077348415,0.0649659945749323,0.00553184211502835,0,0.0598539654757969,0.00211267887077995,0.0215732522042525,0.00602907722811263,0.00517638312853006,0.00475829795241372,0.0486524534083507,0.071926475821926,0.00333862437828843,0.00198565269987713,0.0734523601201474,0.00459683430070978
"RSPH9",0.00730530702389953,0.000927241308775569,0.00188344725706916,0.000917081875105314,0.00525893007552361,0.00582572660932833,0.00719508395304953,0.00320651351845307,0.00252044071054729,0.00645610199731938,0.005129649418448,0.00260101649944549,0.00345505374964668,0.0137303415698586,0.00642610077271924,0.00584331327640673,0.00228213154375205,0.0131382620223034,0.00582282771520346,0.0163281029203415,0.00914624799204096,0.00553416141082902,0.00243100442070056,0.00832483221419113,0.00548094039787159,0.00114098349823605,0.00176887465575936,0.00155386708970246,0.00226144917430222,0.00520201766944605,0.00365084031532104,0.00174610067457555,0.00565191663484496,0.00533262033110863,0.00348358099739668,0.00181453934370852,0.000917292519194292,0.0120746281899262,0.00574347167987314,0.00228832951473254,0.00182562689468476,0.0062662894781023,0.00523686823107914,0.00223922733606108,0.00351421051518413,0,0.000216949508252786,0.00383642206197978,0.00181854570294195,0.000709069307017415,0.0021784514070426,0.00639050781486903,0.0494387761882168,0.000992764887964313,0.000252159940063333,0.00977230960553657,0.000937786321542646
"RTKN2",0.000516059048684542,0.182033044153148,0.00662943834655096,0.0978325474882348,0.000172010657207832,2.18913663282835e-05,0.000857064077773625,8.55592319692467e-05,0.000432861206755414,0.000114691332376312,0.000804150587952399,0.00106479101299999,0.000342066567792775,4.02699192987696e-05,4.74453557124225e-05,7.45296022291618e-05,0.00880630372355015,0.00040960887416118,0.000261096201992242,0.00010055675719911,5.57681439609426e-05,0.000297403202071003,0.000157758970600153,0.00455776928820934,0.000885168572767266,0.0121958093614486,0.0813557700878166,0.00912424300109787,0.0108222943692487,0.000360030337441437,0.0017975909373467,0.0231559179478827,0.00156451035174449,0.000113845018189225,0.00997134742940158,0.00763705092016313,0.00709842758366524,9.68403550295478e-05,0.00169778978688418,0.00759278390402862,0.00694819695314253,0.000116017033335006,1.45095343980973e-05,0.0134801331386099,0.00103671188275544,0.000151185663240185,0,0.0135187250265342,0.00605100457290325,0.00357092340868719,0.0108841042960109,0.000424161829178631,0.000414525348669552,0.0849066613027084,0.117608213041451,0.000324762264855402,0.0151268423010396
"S100A14",0.00232207321279887,0.0134283880429567,0.0418312428050193,0.0264301551287263,0.00141300424370038,0.00141117170329645,0.0123752015209374,0.00299704116767319,0.00323244814564394,0.00423978394962097,0.00737561533307609,0.00898426584208318,0.00355667419644484,0.00275514836637409,0.00199579921153796,0.00304246515284508,0.0482401699655298,0.00514722130665575,0.00286769756242976,0.00327115342409396,0.00263401578779274,0.00532396047361109,0.00240860129269381,0.012886921957379,0.00379872249081612,0.0462780928860528,0.0220253154122927,0.0535431648146054,0.0358856770556016,0.00315006301675602,0.00753673161252879,0.0552910467605651,0.00162900298683046,0.00605617366954097,0.0373505799767071,0.0498649170392413,0.0163056179856616,0.00241994804525162,0.0126490863776767,0.0233581686303001,0.0282128945861176,0.00163297477765726,0.00118857423754223,0.0555590832174778,0.0102161203311041,0.00679189316353903,0.0150596064370314,0,0.0251358685776641,0.0195424556603462,0.0358754163169097,0.00235070432175139,0.00148243920673273,0.0270617255148239,0.0241164761954789,0.00574036752376861,0.0215647979131219
"SFTPC",0.00617559651804969,0.0272297407521526,0.0642479717457628,0.0390566943857077,0.003346119969126,0.00536458666121801,0.0138805269995262,0.00343333945689223,0.00196906565948178,0.00438984221075841,0.00532306581673699,0.013661945022019,0.00300964656760008,0.0061006373302423,0.00399220563228527,0.00596391308546626,0.0495284173144409,0.00815275827004542,0.00666944493228412,0.00493927051530388,0.00561573612918423,0.00858217204709365,0.00265765100569384,0.0150764144925146,0.00447507104744244,0.0573751320388481,0.0511204369242539,0.0363950037076467,0.0579908392945804,0.00742614272269707,0.00887896459272351,0.0482357903832938,0.0040489847134694,0.00621746894992056,0.0560742430793229,0.0553060199894152,0.153848453615299,0.0134106820240369,0.0132527680390701,0.125798382105288,0.0811123724309733,0.0138208727596703,0.00444450698374316,0.0523988756830293,0.00948283836855278,0.0114205963325145,0.0200879926876789,0.0608468633572588,0,0.270387135426364,0.141095360467145,0.0044118721051103,0.0050621807308015,0.0362913115236339,0.0380100227479889,0.00675208192627178,0.137217573861291
"SFTPD",0.00305163737288302,0.0233894340468618,0.0719394349656511,0.02226704242533,0.000753688950553374,0.000430211213731141,0.00757285579114512,0.0019215242659982,0.000842078528888206,0.00115128386132715,0.00288173239600534,0.00546808928082256,0.00171182931484247,0.000964900128761284,0.00129884179883414,0.00157534074997218,0.0279611537762884,0.00265020894433354,0.00151156197357204,0.0028385577890443,0.000950919079927656,0.00303020456349438,0.00176409839099152,0.0104185625110357,0.0007882540030312,0.0340970583586571,0.0311639553552388,0.0215032043477701,0.0238708091863124,0.00211377529031175,0.00364080670274991,0.024626254147774,0.00163087230015662,0.00252447271871889,0.0287964251722652,0.0366992300039809,0.167664965369426,0.00380236000294065,0.00841156477736795,0.109402005178616,0.0617452205200211,0.00100751588435547,0.000373612160240823,0.035914189968899,0.00396429930453991,0.00293111442322376,0.013595820254332,0.0301942849257317,0.216869382653167,0,0.122960824329541,0.00114624481948216,0.000705266323098923,0.0331843007427197,0.0140506195994528,0.00528956894941888,0.0623444265739973
"SLPI",0.0115101617689464,0.0268651420632298,0.102701088293684,0.0342956541254303,0.00398788059824609,0.00614220967937703,0.0119164250261895,0.00237279979182573,0.00165156620135683,0.00365189666260867,0.00415438098247502,0.00960478011760529,0.00146771096780315,0.00514293707289662,0.00370166947082604,0.00495794109750981,0.0373068003740219,0.00637350053540549,0.00474695666195523,0.00390724567839871,0.0039063681211129,0.00924653696124608,0.00117039824933964,0.0153102702804996,0.00408921009688635,0.0959545069536832,0.0413250525321108,0.036805271792425,0.0443628276153709,0.00855502281385147,0.00910125571000225,0.0399462016246993,0.00371702442810743,0.00929562024812688,0.0440500283283042,0.0438462038442273,0.111496603205039,0.00800148115090564,0.0112398192923837,0.208506249613702,0.0846266921765082,0.00428176269290575,0.00396229143798173,0.0440951786078379,0.00653970378246185,0.00725110719844611,0.0244769011593832,0.0601505662885327,0.139076915584249,0.1566962955644,0,0.00321736915587694,0.0072422948748261,0.032690665480668,0.0330948203238358,0.00588291171928375,0.1093284145245
"SNTN",0.0101874009540732,0.00043550182500239,0.003455381284792,0.00162076441641814,0.0187848880360097,0.0432739475766627,0.0364654604181481,0.0299565728818234,0.0219200878546786,0.0245002909396661,0.0325696977528327,0.0218394109105675,0.0297896799159572,0.0177219161052151,0.0305857241951061,0.0375875529584408,0.00323300189132879,0.0252188500739437,0.0310108214197508,0.0323200574652857,0.0173247034066666,0.0178266492278914,0.0322259107069648,0.0188919340312214,0.0163343352911815,0.00252098344390677,0.00265944607319445,0.00979005296849913,0.00284056032964071,0.0474104277153519,0.0181038073007274,0.00563154496111929,0.0234474821423263,0.0352729001725915,0.00260389299363264,0.00238910314617551,0.00204974095311886,0.0155339025486737,0.022556451069526,0.00216480819148572,0.0141127192322556,0.0491732320464279,0.0498448914188374,0.00240586405721384,0.0323246809566737,0.0153151271919311,0.000442707429957694,0.00432105492609951,0.00186604957981545,0.00103275121175065,0.00136310539903903,0,0.0351696300651443,0.00126530164634538,0.000705187128679128,0.0275211771788805,0.00260159201841115
"TMEM190",0.00410133777246244,0.00029084300016676,0.000284483816058839,0.000588469594394182,0.00332744772327089,0.0175526470721207,0.00345930914004548,0.00149375256254627,0.00251253715835344,0.00588518320395559,0.00184925969545552,0.00156844649232058,0.001362014302954,0.00489138921662112,0.00459264115685399,0.00564225236869401,0.00140857356340002,0.00545232700271118,0.00346285396828861,0.00303858111852131,0.00889734623954674,0.00403593046544841,0.00120557730795361,0.00659606821674338,0.00426556769218126,0.000743514450030743,0.00142316928014386,0.00231582830736262,0.000531870651808868,0.00750999730459252,0.00250659005403856,0.000316582835842855,0.002563326131447,0.00267554858767855,0.000793758612865182,0.00072735700690872,0.00104967772301874,0.0134693319962169,0.00186148000271499,0.000883975494272982,0.000354621777011723,0.0128262011797708,0.0068394896964623,0.00222633776267325,0.00219379899521554,0.0301246098087836,0.000906024736552354,0.000215160547310684,0.00069266235721598,0.00030265408200345,0.000912781390004972,0.00624121277779505,0,0.000347127937289767,0.000162251073773613,0.00770838706888164,0.00187628506310964
"TNNC1",0.00147061185461466,0.158159562685198,0.0171861736972139,0.0890761834888573,0.000507698056604895,0.000141436511499215,0.00793194046519064,0.000457415761925536,0.000328921432842263,0.000387096016587487,0.000681519283700542,0.00425872483627014,0.000889577948579069,0.000630123704185164,0.000125645829266459,0.000424589805077174,0.0238975072049051,0.0012896865873576,0.00108381752464226,0.000694499394092025,0.000384510272383734,0.00123066652958326,0.000564157513590943,0.00677379895486322,0.000811141150430772,0.0335795239490331,0.0761390369070208,0.0207593608876351,0.029956579610545,0.000909956228334055,0.00175940488747756,0.020772434896152,0.00124231111232723,0.0008797452247886,0.0169319416282953,0.0113998332318282,0.0238212665830905,0.000495932149497531,0.00308236647455705,0.0129167527302502,0.0123282578511598,0.00126542387715864,0.00109761694375527,0.0232611020200901,0.00149237664608806,0.000907978966671418,0.126262390838222,0.0125525939728496,0.0070356227986554,0.00758362585869918,0.0107503587527903,0.0017291484792439,0.00042858777978833,0,0.101053216338599,0.00171890313877836,0.0118851069065173
"UPK3B",0.0001976475669405,0.0697081269772808,0.00518159822725375,0.0559827978488067,4.01728911076373e-05,6.10272941003463e-05,0.00152767859201527,0.000156837211318465,1.65385731031792e-05,2.22925345447703e-05,0.000259274307526966,0.00173509350300557,0.0003715912976853,3.95151493107044e-05,6.03773736573724e-05,6.30186202232726e-05,0.00951196217793992,9.20363528474919e-05,0.00015738604710023,0.000207914052073926,7.5122622192006e-05,0.000321804793074805,0.000136539891899763,0.00331595808496712,0.00109217550293129,0.0222930323160261,0.0404566031752207,0.00705443523607512,0.0197191798634515,0.000652516381065963,0.00119455404434999,0.0116054665532422,0.000553723845690758,7.9748363425392e-05,0.00660308771611481,0.00770585330610375,0.00684509081463481,4.23682816724718e-05,0.000699761391979212,0.00407980385554004,0.00477322274176779,6.29606821212913e-05,8.531032233252e-05,0.0104310014938032,0.000719873412678712,9.37742432962948e-05,0.0869734065887466,0.00796895339612294,0.00616526701661275,0.00403477651641649,0.0115724755301726,7.23826449852043e-05,4.22963804950976e-05,0.052536637772763,0,4.04727290120026e-05,0.00594322733372474
"ZMYND10",0.0125951681731348,0.00177405519130385,0.00582996294141985,0.00196446049978906,0.00980741217892214,0.0122630148982491,0.0138105011159606,0.0118830468506013,0.0158234616878634,0.0163591589631498,0.0178859061907529,0.00845665207681523,0.0172431289866843,0.0166031174787251,0.0079683121593949,0.0215100671724277,0.00412135899166521,0.0154611619475762,0.0378939248768871,0.0133279653516081,0.014269523217267,0.0336327901142593,0.0422713087609028,0.0226190209167015,0.0188258500724007,0.00573968694614815,0.00480469086549302,0.00536389823764485,0.00154884961559148,0.0242302984581386,0.019918722515601,0.00463715004506033,0.0122269278832327,0.0333023897192811,0.00293137515410348,0.0020775927996541,0.00240406831283575,0.0108977779995686,0.0171658884298043,0.00246783948406886,0.00449469864926381,0.0226434511994214,0.0106982264480712,0.00275716482109372,0.0124491690047025,0.0212252667150378,0.00129636884021914,0.00394945936554172,0.00140536753522844,0.00103515325303235,0.0019660669707014,0.0168349541273421,0.0296925469706595,0.00273596789202297,0.000351027517411324,0,0.00950940467474126
"class",0.000481449383419578,0.0178401261552168,0.0343615006357195,0.0136174429289709,0.000202154206857396,0.000390878950673485,0.00232058817853025,0.000441547461987595,0.000152190199994701,0.000475189089473163,0.000778264679730548,0.00114985933959827,0.000278679557820248,0.000324874049322239,0.00058327229909804,0.000429335411372186,0.020029184806595,0.000786021348527655,0.000652978522692962,0.000664105321684757,0.00037846573650218,0.00526087499323021,0.000326325868285918,0.00228763532149525,0.000310888739522335,0.0502179863165998,0.0249998247344375,0.00501933485848592,0.0397998806011887,0.00045481008136586,0.000794617569478827,0.0136702617704282,0.000629709709046685,0.00108008933086445,0.0133431482885801,0.00932125816450451,0.0578770044321338,0.00126637765586541,0.0016154866699525,0.049275059665921,0.0232949479400975,0.000472814852326662,0.000324066059822757,0.00812418096421562,0.000691943456560686,0.000626421801209252,0.014689376853488,0.0112378726960555,0.0563806747157014,0.027277715534686,0.0380867121974538,0.00038205170637745,0.00429823699712547,0.00737796781583469,0.00898110930962853,0.00108424566335749,0
