"","AC013264.2","AGER","BPIFB1","C11orf88","C11orf97","C12orf75","C1orf194","C20orf85","C2orf40","C5orf49","C8orf4","C9orf116","C9orf24","CAPSL","CAV2","CCDC146","CCDC170","CCDC78","CEACAM6","CFAP126","CLIC5","CXCL17","DNAAF1","DYNLRB2","FABP6","FAM183A","FAM216B","FAM92B","GGTLC1","HOPX","ITLN2","LDLRAD1","LRRIQ1","MDK","MORN5","MS4A8","MYL9","PIFO","PIGR","RNASE1","ROPN1L","RPS4Y1","RSPH1","RTKN2","S100A14","SCGB1A1","SFTA2","SFTPC","SNTN","SPOCK2","TFPI","TMEM190","TNNC1","UPK3B","ZMYND10","class"
"AC013264.2",0,0.00304519658747688,0.0104654029051474,0,0.441687404469893,0,0,0.488420304689921,0,0,0.0328419782777395,0,0,0,0.00259173659726009,0,0,0,0.0197355130688165,0,0.00017479856629196,0.020818268015633,0,0,0.126191975506812,0,0.448809486225603,0.490446299343115,0.00415448724193428,0.0481074384402616,0.00105867033601511,0,0,0.00886926386557854,0,0,0.00201199025181046,0,0.00127702451762964,0.0443419604661231,0,0.0072291138161235,0,0.00167724728756325,0.037800492782695,0.030007594459217,0.0504470136428203,0,0,0.000308416018667076,0.0151770167583086,0,0.0020504659848007,0.000138265687713951,0,0.0427370002440604
"AGER",0.00304519658747688,0,0.0011502643157348,0.00374865107803878,0.00348345164808011,0.00264711426844806,0.00447948734859282,0.00414985588345796,0.00369341136626821,0.00519422354492124,0.00852353456338877,0.006180422914764,0.00450058771248323,0.00409245205731173,0.0523518239312179,0.00381998737040651,0.00542729330808867,0.00405838983231166,0.000103931788152031,0.00477920340630707,0.0741429424912586,0.012264417531041,0.00369112410529529,0.00318260524185708,0.00912712813355346,0.00388633998395028,0.00325445876094057,0.00356836684221269,0.0177942985181678,0.0283709835969044,0.111034693465869,0.00354576014601933,0.00292193010491257,0.0253084384809318,0.00376803957242532,0.00420638046079807,0.0613641499930032,0.00216748059595013,0.00738417049485425,0.0342446859421672,0.00351341974113925,0.00237287085396979,0.00515190272352399,0.146817049111283,2.99774806914988e-05,0.00232244644826564,0.0197679025083464,0.0102122710418747,0.00374432666807384,0,0.0153713264059661,0.0021145703105872,0.1016697598886,0.0690432717550681,0.00314379945067316,0.0196097142826614
"BPIFB1",0.0104654029051474,0.0011502643157348,0,0.0137918540990808,0.0120334881421918,0.00654656379079454,0.0125321744380301,0.0121909192272443,0.0127577908463977,0.00805416630895272,0.00707839682374905,0.00750275331339137,0.013094823903686,0.0107366314571917,4.24981904259232e-06,0.0136400040822375,0.00897743266584853,0.0136307396127965,4.93597349409049e-05,0.00776258951378916,0.000138511498914334,0.00165078499673072,0.0119873590384921,0.00875524232710187,0.0033901885066775,0.0104049999388012,0.0122614980913278,0.0116735609770991,0.0026831770859644,0.0212502192613186,0.00035583065504085,0.0120062193908469,0.00894822172195602,0.00447030552379515,0.0116491423336284,0.0253612488345609,0.00171304338033043,0.00343545319299306,0.00998315763046357,0.000736520111367651,0.0123997391821709,0.000514722460093143,0.00650889954570806,0.000452880927526943,0.00134524367728189,0.0372282035636181,0.0194728087421353,0.000101729560182024,0.0112740997947341,2.74094964931572e-05,0.00755784120081916,0.0126634731263453,0.000938483432871976,0.000146834003026687,0.00864177097522769,0.0189282554406603
"C11orf88",0,0.00374865107803878,0.0137918540990808,0,0.529855951230553,0.21596155707332,0,0.696977828517797,0,0.332192049789558,0.040255971739668,0.258276396437006,0,0.568696143402472,0.00381769199256497,0.314701127927089,0.357221110132129,0.532603664315417,0.0249358122469959,0.414766592617221,3.37484987320235e-06,0.0283278854630801,0.528888290756254,0.407916488414892,0.155108849858964,0.529162150980858,0.573789522158443,0,0.00705944905826279,0.0635257773191963,0.00109821979867578,0,0.354513553458199,0.0103441196957455,0.588034652716143,0.53439347470604,0.00218556131813836,0.219593915562042,0,0.0528198854353473,0.578689316095359,0.00978502743076284,0.352847112303836,0.00219007919740565,0.0449239960239182,0.0407798748347271,0.0630909405339101,0,0,0.00105169973634711,0.0193432826999382,0.33395721342449,0.00272642227869873,0.000188276307133591,0.36523186079709,0.0535728617715555
"C11orf97",0.441687404469893,0.00348345164808011,0.0120334881421918,0.529855951230553,0,0.192456788354164,0,0.552554453408586,0,0,0.0352616608968337,0.214822167701743,0,0,0.00302465482987706,0.279935166054428,0.320878769654427,0,0.019897193241511,0,7.47085475199054e-05,0.0246955528504487,0,0,0.145433630796172,0,0.537260962934168,0,0.00561549056273305,0.0521766838188907,0.00088276892269083,0,0,0.00919444234521563,0,0,0.00190316929244815,0.187142337103005,0.00162514804171115,0.0451583105504768,0.516486647930895,0.00748495819619414,0,0.00155820390886237,0.0397946713534273,0.0324726612772442,0.0546963306296395,0,0.503113127265488,0.000696960730477047,0.016376557578414,0,0.00176886393748089,0.000200596261175502,0,0.0433742890437056
"C12orf75",0,0.00264711426844806,0.00654656379079454,0.21596155707332,0.192456788354164,0,0.231065009596327,0.223043822262202,0.195744898614874,0.192271589090571,0.0240216041087804,0,0.235091252208611,0.21904715435375,0.000620313348161017,0,0,0.195702079261764,0.00507085601816453,0.214941018914809,0.00103475570536653,0.0254005062208405,0,0,0,0.210890762195651,0.198758811758299,0.201574322307902,3.53450053425567e-05,0.0631985180454776,0.00154575049451621,0,0.201791652672253,0,0.203509768353057,0,0.0016751329518583,0,0.0038737827695854,0.0430443128897012,0.206775171297482,0.0136489753106706,0,0.00089714488627636,0.0359513280169255,0.0184370456049848,0.0532069072876597,0,0.192438672706557,0.00126895967047276,0.0172621381642241,0,1.07194671932365e-05,0.000311495547873878,0.197945158039554,0
"C1orf194",0,0.00447948734859282,0.0125321744380301,0,0,0.231065009596327,0,0.67964605600496,0,0.341895079630016,0.0435958138332717,0.256178013056383,0.554254613913597,0.536168141336212,0.00402206360026036,0.293046544789968,0.33141926362037,0,0.0229283929512428,0.42339721692719,6.30261701958729e-05,0.0282227606559444,0.511021191854097,0.401015236920411,0.161722661793726,0.518999026171474,0,0,0.0050913270455685,0.0679709866537621,0.000965058464574171,0,0.372798982618127,0,0.551055942669631,0,0.0026789120462176,0.228478336665009,0,0.0552636919680008,0.546256433106103,0.0105906199426042,0.354065934667914,0.00172570691465263,0.0490599726395252,0.0414679501162324,0.0668879149613351,0,0,0.000427259706998649,0.0220983593892952,0,0.00236909803092303,0.00033510351917789,0.386964546428232,0.0538520540804127
"C20orf85",0.488420304689921,0.00414985588345796,0.0121909192272443,0.696977828517797,0.552554453408586,0.223043822262202,0.67964605600496,0,0.614559389191062,0.30751839639139,0.0474568445716464,0.243031382743613,0.595524232967088,0.532265200451669,0.00411150313748454,0.32966234389613,0.344287756779734,0.562845779766863,0.0247655162763403,0.392054318821433,5.37519223168215e-06,0.0285594307741811,0.5529995530008,0.424107546869114,0.168526921938676,0.527621017201424,0.614635131277032,0.677492199784774,0.00683087564456715,0.0654669373672383,0.000846768895410046,0.505803130618598,0.378502088634594,0.0117533961100055,0.590529908203446,0.582149159006468,0.00335302120023183,0.221343138969564,0,0.0560471774435902,0.572940469214572,0.00944726539006983,0.355951018390494,0.00219245948345392,0.0500885086840174,0.0438627174018069,0.0691671721752613,0,0.632422230849071,0.000913631511638289,0.0227988009413926,0.366272766217002,0.00277619617235463,3.34980712530489e-05,0.40439528033559,0.0608193445657024
"C2orf40",0,0.00369341136626821,0.0127577908463977,0,0,0.195744898614874,0,0.614559389191062,0,0,0.0414240564423857,0,0,0,0.00395568360887807,0.290008143550523,0,0,0.02275692619142,0,2.28314318223811e-08,0.0238267767049423,0,0,0.161318634840634,0,0,0,0.00620863237572814,0.0597343854565165,0.000708819265266889,0.482662368926674,0,0.0106952748214994,0,0,0.00278885697824569,0.18744018541997,0.00187919839807676,0.0482282432116766,0,0.00746897929575565,0,0.00187385253117045,0.0425005270082059,0.039338197804168,0.0607004955824453,0,0,0.000390522824731719,0.0204775639768792,0.329745376415693,0.00277845370511426,0.000254430504279572,0.366078400908582,0.0560510204133398
"C5orf49",0,0.00519422354492124,0.00805416630895272,0.332192049789558,0,0.192271589090571,0.341895079630016,0.30751839639139,0,0,0.0232158320766739,0,0.306862520153727,0.302634509155668,0.00306945951061498,0,0,0,0.0103797743957761,0.310575402059344,3.13205661470295e-05,0.0248949152876162,0,0,0,0.293001587287917,0,0,0.0011896184412007,0.0638278272668237,0.0020975119261477,0,0,0,0,0,0.00306170866023329,0.18636744720785,0.00144772668734251,0.0459511343608708,0,0.0125522739995374,0,0.00159753819728478,0.0325893590909384,0.0229631159370653,0.0521418063584917,0,0,6.38868727499232e-05,0.0130753530091577,0,0.00135073889804791,0.000580459712952944,0,0.0218222278234436
"C8orf4",0.0328419782777395,0.00852353456338877,0.00707839682374905,0.040255971739668,0.0352616608968337,0.0240216041087804,0.0435958138332717,0.0474568445716464,0.0414240564423857,0.0232158320766739,0,0.0286572284563215,0.0453794169985936,0.0390433360968274,0.0118882475049231,0.0322122332053029,0.0308911196982263,0.0397810817419124,0.00360017793359564,0.0302652926102892,0.0115026902013477,0.0532299018852104,0.0380004270941725,0.0307004818789123,0.0408801100912069,0.0388057370891237,0.0401562131486067,0.0417227976697241,0.0115107086361204,0.0311784803339469,0.021141300142914,0.0370852606288985,0.0366476285048338,0.000386860927550335,0.0402075660921253,0.0456632399395294,0.0030731888547173,0.0127103568958737,0.031469850579087,0.0215953467470779,0.036987246933188,0.00212722239771341,0.031008979569242,0.0264051563849325,0.0261177394934446,0.0109792119633856,0.0354431041291385,0.0223707164333481,0.0410527496631571,0.0212160294933622,0.0701659041967519,0.0296310024692925,0.00426642712138088,0.0143855206486644,0.0325705352127847,0.0240508929298688
"C9orf116",0,0.006180422914764,0.00750275331339137,0.258276396437006,0.214822167701743,0,0.256178013056383,0.243031382743613,0,0,0.0286572284563215,0,0.238203763691547,0.243201480832401,0.000825834110642693,0,0,0.22342599308378,0.00150375386543122,0.247783729898408,4.71136784866461e-05,0.0267526827766807,0.219282520223181,0,0,0.235944979725124,0.215297594815031,0.227152152179677,0.00483088901177131,0.0610863204526086,0.00210845268790151,0,0,0,0.235785916744197,0,0.00102464235764746,0,0,0.0556248363677078,0.24037154867831,0.00707347175997718,0,0.00162392376576732,0.0316775078091581,0.0120474699228201,0.0649572566600467,0,0.215372709620255,9.56839590778189e-07,0.0126596693001553,0,0.00123492866093698,0.000470919994907941,0,0
"C9orf24",0,0.00450058771248323,0.013094823903686,0,0,0.235091252208611,0.554254613913597,0.595524232967088,0,0.306862520153727,0.0453794169985936,0.238203763691547,0,0,0.00392857682709476,0.280666619013815,0,0,0.0189257249095231,0.379102419438458,0.000122300503590404,0.0299372176038632,0,0,0.165039878284876,0,0,0,0.00445377175390466,0.0729390883755708,0.0011832561225903,0,0.362991464833209,0,0,0,0.00381692309791653,0.218176450238044,0,0.0599890969908811,0,0.00834778840482615,0.327105297609151,0.00132108162113442,0.0521963805983536,0.0388298243621438,0.0731294542578056,0,0,2.98392719589216e-05,0.024345053774656,0,0.00200114324842615,0.00027253927147532,0.40889898022893,0.050070858978704
"CAPSL",0,0.00409245205731173,0.0107366314571917,0.568696143402472,0,0.21904715435375,0.536168141336212,0.532265200451669,0,0.302634509155668,0.0390433360968274,0.243201480832401,0,0,0.00410381182510547,0.286929440875578,0.326143748478315,0,0.0193562733305759,0.416012915157414,3.27413651753799e-07,0.0276082882758231,0,0.375133669907116,0.155846819395432,0,0,0,0.00463742196074993,0.0630716105347064,0.000900525574933197,0,0,0,0,0,0.00230863939971226,0.219860513023989,0,0.0551130559888527,0,0.00840961963609105,0.323048629190972,0.00162454421479306,0.0452458533257288,0.0307372645192,0.0627659781089831,0,0,7.32482396065103e-05,0.0178084696208727,0,0.00215620971916914,0.000295001337771615,0,0.0394804288476898
"CAV2",0.00259173659726009,0.0523518239312179,4.24981904259232e-06,0.00381769199256497,0.00302465482987706,0.000620313348161017,0.00402206360026036,0.00411150313748454,0.00395568360887807,0.00306945951061498,0.0118882475049231,0.000825834110642693,0.00392857682709476,0.00410381182510547,0,0.00113471056374907,0.00168339167782436,0.002474091408967,0.00277817419406905,0.00307887225564643,0.0419471532473089,0.00858346247279847,0.0034902837036041,0.00285259405804595,0.000391363773439297,0.0024528584555975,0.0032326399854289,0.00368982818296789,0.0134458954562391,0.00476465333135401,0.0370833869892556,0.0032213622314614,0.00158392654614963,8.8814690144657e-06,0.00342867519327939,0.00274924938080625,0.0334353681077689,0.00208368790007526,0.00317715435069127,0.00764666935072858,0.00322958572193497,0.0178398709526181,0.0018292228706774,0.0498111672639575,0.000912631140258265,0.000823989323236176,0.00187607818384295,2.88416311936041e-08,0.00374762398257627,0.0323354588376082,0.0146763514876115,0.00216568590244358,0.0453629338592039,0.027610979867237,0.0029439479382499,0.00032495596638252
"CCDC146",0,0.00381998737040651,0.0136400040822375,0.314701127927089,0.279935166054428,0,0.293046544789968,0.32966234389613,0.290008143550523,0,0.0322122332053029,0,0.280666619013815,0.286929440875578,0.00113471056374907,0,0,0.293509918655427,0.00975209742749972,0,9.53797297004364e-05,0.0232730453513445,0,0,0,0,0.308699668431842,0.317531603753847,0.00397700671594698,0.054565144266703,0.000921969238845466,0,0,0,0.317353684766482,0,0.00263742514647155,0,0.0018591107956187,0.0449001758561806,0.295939047345076,0.00722681408750156,0,0.00100375825314699,0.0357552753250353,0.0245439005721031,0.0598311637173315,0,0.297021903502455,9.33131386405528e-05,0.0188893372887215,0,0.00191355292618421,5.35672620652872e-06,0,0.0269542325599542
"CCDC170",0,0.00542729330808867,0.00897743266584853,0.357221110132129,0.320878769654427,0,0.33141926362037,0.344287756779734,0,0,0.0308911196982263,0,0,0.326143748478315,0.00168339167782436,0,0,0.333558824647443,0.00751036540844788,0,2.92118768505894e-06,0.0267265151772419,0.308745213631114,0,0.132746573323774,0,0.310796086194535,0.320347837460971,0.00504371816172672,0.0530555528657613,0.00138196196010115,0,0,0,0.332244660485787,0,0.00129360470203651,0,0.0020450253454159,0.0514802520657089,0.331518794435888,0.00728334890478422,0,0.00234069856844496,0.0370535050301595,0.0211395230723812,0.057487642532291,0,0,0.000357385641709926,0.0143165518968105,0,0.00217167670497534,0.000341427475916034,0,0.0215924554782554
"CCDC78",0,0.00405838983231166,0.0136307396127965,0.532603664315417,0,0.195702079261764,0,0.562845779766863,0,0,0.0397810817419124,0.22342599308378,0,0,0.002474091408967,0.293509918655427,0.333558824647443,0,0.0195255306542083,0,0.000113654727464943,0.0268208894003737,0,0,0.148403536680117,0,0.527686747048529,0,0.00548627714018473,0.0606883403682508,0.000880424016439548,0,0.34370221740345,0,0.513257871091845,0,0.00231134128639893,0.185110744493333,0.00180455770008766,0.0513092820234746,0,0.00810520704066861,0,0.0017405043931432,0.0421615079261395,0.0363734949143137,0.0616131843414704,0,0,0.000647127921323784,0.0184287941220768,0,0.0020346968031757,0.000281666830939085,0,0.0444934184650596
"CEACAM6",0.0197355130688165,0.000103931788152031,4.93597349409049e-05,0.0249358122469959,0.019897193241511,0.00507085601816453,0.0229283929512428,0.0247655162763403,0.02275692619142,0.0103797743957761,0.00360017793359564,0.00150375386543122,0.0189257249095231,0.0193562733305759,0.00277817419406905,0.00975209742749972,0.00751036540844788,0.0195255306542083,0,0.0120164592382662,0.000419120029627098,0,0.020712193156412,0.0158144107265162,1.61948948496882e-06,0.0195572077740868,0.0227179899250347,0.0243426469771201,0.00773953696674293,4.72110325890132e-05,0.00195653910127682,0.020515931173136,0.00999542168235539,0.0968715787307299,0.0232669496266401,0.0203724374707578,3.66549762094858e-05,0.0105114062076603,0,0,0.0210508802453285,0.0105238980589733,0.00875683738009517,0.0024307269820289,0.0104503430870691,0.047318693102413,0,0.156075819657624,0.0208315233341024,0.00370986752424996,0.00122462550649601,0.01598043872105,1.04068745595849e-05,0.00274463737326555,0.0169961835647901,0
"CFAP126",0,0.00477920340630707,0.00776258951378916,0.414766592617221,0,0.214941018914809,0.42339721692719,0.392054318821433,0,0.310575402059344,0.0302652926102892,0.247783729898408,0.379102419438458,0.416012915157414,0.00307887225564643,0,0,0,0.0120164592382662,0,1.37131089017508e-05,0.0305494624884915,0,0,0.138162819890011,0.377468606185202,0,0,0.00331421827615544,0.0620018869698233,0.00133691868650055,0,0,0,0.403980539124465,0,0.00208071591801005,0.206805653953974,0.00299672589747081,0.0529560917664273,0.417276618400273,0.00939821082150089,0,0.00144173501664782,0.0392454191135159,0.0242612747467097,0.0575568746038914,0,0,0.000103977755029439,0.0145285242100476,0,0.00194273791749974,0.000407070438034132,0,0.0243782941835639
"CLIC5",0.00017479856629196,0.0741429424912586,0.000138511498914334,3.37484987320235e-06,7.47085475199054e-05,0.00103475570536653,6.30261701958729e-05,5.37519223168215e-06,2.28314318223811e-08,3.13205661470295e-05,0.0115026902013477,4.71136784866461e-05,0.000122300503590404,3.27413651753799e-07,0.0419471532473089,9.53797297004364e-05,2.92118768505894e-06,0.000113654727464943,0.000419120029627098,1.37131089017508e-05,0,0.0151076900937751,7.20328238866431e-05,0.000284225007118136,0.00019621736119139,0.000140987368701092,0.000119535243604018,2.55246343296576e-05,0.0124137179107012,0.00724829356221416,0.0711504390657035,5.02149111273979e-05,0.000410979233172042,0.0064151112693772,7.42032008252115e-05,6.09629279546763e-05,0.0336905286354947,3.03907113234953e-06,0.00823533313641854,0.00798171567937335,0.000109516889919279,0.00388847255193884,6.57087997803622e-05,0.0786405671581549,0.00113028097100858,0.00552364196893569,0.000993666188304727,0.00055510914501535,1.13985091498376e-05,0.0568738554404766,0.0159823497037008,0.000284565563887893,0.061920246799987,0.0445112318589406,0.000221534466243961,0.0112040619682765
"CXCL17",0.020818268015633,0.012264417531041,0.00165078499673072,0.0283278854630801,0.0246955528504487,0.0254005062208405,0.0282227606559444,0.0285594307741811,0.0238267767049423,0.0248949152876162,0.0532299018852104,0.0267526827766807,0.0299372176038632,0.0276082882758231,0.00858346247279847,0.0232730453513445,0.0267265151772419,0.0268208894003737,0,0.0305494624884915,0.0151076900937751,0,0.0266426658378694,0.0251705004175592,0.0295236544992589,0.0291469570917741,0.0242041426490078,0.0262009256230788,0.00547411140537321,0,0.0273848342115757,0.0222347933179334,0.0336511023309181,0,0.025918731893207,0.018892999510617,0.00683509988593511,0.0110954020309528,0.103527015559501,0.0945566525678407,0.0267698835296401,0.00331650342975266,0.0307538904048187,0.0342291506842693,0.0560322083451236,0.00147842096553743,0.0834713565430857,0.0772253511941984,0.0239823325812946,0.0314765272444714,0.0263915525458227,0.0170299045865173,0.00566767552035787,0.0140614904238384,0.0234038848323886,0
"DNAAF1",0,0.00369112410529529,0.0119873590384921,0.528888290756254,0,0,0.511021191854097,0.5529995530008,0,0,0.0380004270941725,0.219282520223181,0,0,0.0034902837036041,0,0.308745213631114,0,0.020712193156412,0,7.20328238866431e-05,0.0266426658378694,0,0,0.14992775137081,0,0,0,0.00552869945794309,0.0593947119658157,0.00103244493233254,0,0.344632652696258,0.00917668587863803,0,0,0.00220404709826658,0.197281368769052,0.00110865549739044,0.049136648467214,0,0.00994367278576615,0.310803123057617,0.00186956586457299,0.042130432090706,0.0389033714715518,0.0602847872691882,0,0,0.000500486956779843,0.0180349870584514,0,0.00184343841290615,0.000228325099649155,0,0.0455035693027198
"DYNLRB2",0,0.00318260524185708,0.00875524232710187,0.407916488414892,0,0,0.401015236920411,0.424107546869114,0,0,0.0307004818789123,0,0,0.375133669907116,0.00285259405804595,0,0,0,0.0158144107265162,0,0.000284225007118136,0.0251705004175592,0,0,0.126293261652484,0,0,0,0.00355326676370391,0.0536239078035956,0.00108697198947152,0,0,0.00522161473165937,0,0,0.00257226512326228,0,0.00216367085927196,0.0466044588269187,0.382062404923524,0.00666294265025737,0,0.00147573822745144,0.0382971652832822,0.0288448533202753,0.0552057760079293,0,0,0.000214212706752701,0.0152276511844239,0,0.00195378886598543,0.000328045806411571,0,0.0336092393164332
"FABP6",0.126191975506812,0.00912712813355346,0.0033901885066775,0.155108849858964,0.145433630796172,0,0.161722661793726,0.168526921938676,0.161318634840634,0,0.0408801100912069,0,0.165039878284876,0.155846819395432,0.000391363773439297,0,0.132746573323774,0.148403536680117,1.61948948496882e-06,0.138162819890011,0.00019621736119139,0.0295236544992589,0.14992775137081,0.126293261652484,0,0.141259806657516,0.14929340161936,0.162462476161078,0.0068435074257604,0.0896889574389764,0.00217738175774791,0.132870516575139,0.144443284463488,0,0.157896237598125,0.147935755631882,0.0026192266423657,0,0,0.0675248443769744,0.146477472473191,0.0171918761225778,0.137909848425608,0.00124984563007439,0.0234800037736341,0.00638029015070742,0.0614791870095361,0.0201038867248092,0.148222604906336,1.271674718676e-05,0.0278657101504422,0,0.00330610617194149,0.000820535518056618,0.136629145532205,0
"FAM183A",0,0.00388633998395028,0.0104049999388012,0.529162150980858,0,0.210890762195651,0.518999026171474,0.527621017201424,0,0.293001587287917,0.0388057370891237,0.235944979725124,0,0,0.0024528584555975,0,0,0,0.0195572077740868,0.377468606185202,0.000140987368701092,0.0291469570917741,0,0,0.141259806657516,0,0,0,0.00482984205043199,0.0613139042608477,0.00092804795080541,0,0,0,0,0,0.00211327687501465,0.203937178282358,0,0.0538129956589011,0,0.00872260965796344,0.308003902423238,0.00134882993478481,0.0454577499605664,0.0324471574030984,0.0639676482904567,0,0,0.000146883268375519,0.0179850320243644,0,0.0017349835016991,0.00023418157794045,0,0.0409388119520413
"FAM216B",0.448809486225603,0.00325445876094057,0.0122614980913278,0.573789522158443,0.537260962934168,0.198758811758299,0,0.614635131277032,0,0,0.0401562131486067,0.215297594815031,0,0,0.0032326399854289,0.308699668431842,0.310796086194535,0.527686747048529,0.0227179899250347,0,0.000119535243604018,0.0242041426490078,0,0,0.14929340161936,0,0,0.592236863437489,0.00625494889038024,0.0547566554365564,0.000709119155845429,0.52151150805673,0.332586637528067,0.0104058485059669,0.55385631728897,0,0.00205474573054135,0.190557508880198,0.00240953146506112,0.0489406703873942,0.529264066511133,0.00803274586496987,0,0.00186238625574779,0.0432306774925444,0.0362521038617171,0.058730193711307,0,0,0.000788456644131415,0.0186531434620986,0.338667613020909,0.00265248787643304,0.000189814955818089,0,0.0493617570674383
"FAM92B",0.490446299343115,0.00356836684221269,0.0116735609770991,0,0,0.201574322307902,0,0.677492199784774,0,0,0.0417227976697241,0.227152152179677,0,0,0.00368982818296789,0.317531603753847,0.320347837460971,0,0.0243426469771201,0,2.55246343296576e-05,0.0262009256230788,0,0,0.162462476161078,0,0.592236863437489,0,0.00628322007752693,0.0575398157227823,0.000860285304591046,0.507599849340665,0.341237743934994,0.0121858021253002,0.559838283608856,0,0.00220989691397156,0.203872157073104,0.00277132405136192,0.0521447366522118,0,0.00779345990275042,0.31359784341181,0.00196523887141462,0.0452362111202678,0.0393126929160507,0.0600647077383789,0,0,0.000854074582598019,0.0194559197447876,0.375824030643215,0.00269429453293704,0.000120460682142401,0.372958259370927,0.0528589432710321
"GGTLC1",0.00415448724193428,0.0177942985181678,0.0026831770859644,0.00705944905826279,0.00561549056273305,3.53450053425567e-05,0.0050913270455685,0.00683087564456715,0.00620863237572814,0.0011896184412007,0.0115107086361204,0.00483088901177131,0.00445377175390466,0.00463742196074993,0.0134458954562391,0.00397700671594698,0.00504371816172672,0.00548627714018473,0.00773953696674293,0.00331421827615544,0.0124137179107012,0.00547411140537321,0.00552869945794309,0.00355326676370391,0.0068435074257604,0.00482984205043199,0.00625494889038024,0.00628322007752693,0,0.0242455645625468,0.00297953621464581,0.00535613982057075,0.00324539916301295,0.000967695723174144,0.00547035524833846,0.00724743893953649,0.0110668410301778,0.000905433304483148,0.0112658355612765,0.0410980865211792,0.00511913495244411,0.0214074319254744,0.00352883030909493,0.00416093676527211,0.00879210086657975,0.000825530969604287,0.0221802625810862,0.0177888797237563,0.00596956015813901,0.00442882303717348,0.00112457902324949,0.00425494086465958,0.0203075427496587,0.00339336443567228,0.00345594991495915,0.0120137270309174
"HOPX",0.0481074384402616,0.0283709835969044,0.0212502192613186,0.0635257773191963,0.0521766838188907,0.0631985180454776,0.0679709866537621,0.0654669373672383,0.0597343854565165,0.0638278272668237,0.0311784803339469,0.0610863204526086,0.0729390883755708,0.0630716105347064,0.00476465333135401,0.054565144266703,0.0530555528657613,0.0606883403682508,4.72110325890132e-05,0.0620018869698233,0.00724829356221416,0,0.0593947119658157,0.0536239078035956,0.0896889574389764,0.0613139042608477,0.0547566554365564,0.0575398157227823,0.0242455645625468,0,0.0182492912013509,0.0522234100296909,0.0661168517291798,0.0266021310498746,0.0575133053772995,0.0641565437430683,0.0211802708952026,0.0327795479043391,0,0.0905133999879625,0.0548603995381553,0.0175053638749786,0.0657136858823922,0.0128264656942749,0,0.00823060078805117,0.109215618608536,0,0.0549982941126865,0.00104865370760819,0.0328088034910632,0.0403992841346629,0.0229360502361019,0.00565572173716792,0.0593863200229074,0
"ITLN2",0.00105867033601511,0.111034693465869,0.00035583065504085,0.00109821979867578,0.00088276892269083,0.00154575049451621,0.000965058464574171,0.000846768895410046,0.000708819265266889,0.0020975119261477,0.021141300142914,0.00210845268790151,0.0011832561225903,0.000900525574933197,0.0370833869892556,0.000921969238845466,0.00138196196010115,0.000880424016439548,0.00195653910127682,0.00133691868650055,0.0711504390657035,0.0273848342115757,0.00103244493233254,0.00108697198947152,0.00217738175774791,0.00092804795080541,0.000709119155845429,0.000860285304591046,0.00297953621464581,0.0182492912013509,0,0.000798836582491862,0.000363580613496268,0.0141669092785247,0.000723186903627507,0.0012215622482185,0.0532456097013149,0.00244422556592773,0.0227789310089459,0.0161955780249054,0.00080808669590915,0.00154648419892879,0.00121014438311819,0.186822081021533,0.00375204143723482,0.00300422906723049,0.00372134920234703,0.000411073216276244,0.000974569291345687,0.103198689049869,0.0157379640778922,0.000352796143067995,0.0698362914331316,0.0980624192536762,0.00107142919429219,0.0270226631211623
"LDLRAD1",0,0.00354576014601933,0.0120062193908469,0,0,0,0,0.505803130618598,0.482662368926674,0,0.0370852606288985,0,0,0,0.0032213622314614,0,0,0,0.020515931173136,0,5.02149111273979e-05,0.0222347933179334,0,0,0.132870516575139,0,0.52151150805673,0.507599849340665,0.00535613982057075,0.0522234100296909,0.000798836582491862,0,0,0.00937322241609927,0,0,0.00193876244548556,0,0.00217755961623439,0.0469420285093175,0,0.00729251434585807,0,0.00202487943155245,0.0402289528883523,0.033422524843487,0.054939346960395,0,0,0.000705423252038516,0.0177243320898355,0,0.00281621980167401,0.00021618542611541,0,0.0446382220030428
"LRRIQ1",0,0.00292193010491257,0.00894822172195602,0.354513553458199,0,0.201791652672253,0.372798982618127,0.378502088634594,0,0,0.0366476285048338,0,0.362991464833209,0,0.00158392654614963,0,0,0.34370221740345,0.00999542168235539,0,0.000410979233172042,0.0336511023309181,0.344632652696258,0,0.144443284463488,0,0.332586637528067,0.341237743934994,0.00324539916301295,0.0661168517291798,0.000363580613496268,0,0,0,0,0,0.0017242836104502,0.180091299194633,0,0.0550434997149993,0,0.0129123040281719,0,0.00031657645034684,0.0444546953759651,0.0264317937473923,0.0637609885080076,0,0,3.65355277162208e-05,0.0214655792842037,0,0.00130523272510679,6.99877677297858e-05,0,0.0284465519669655
"MDK",0.00886926386557854,0.0253084384809318,0.00447030552379515,0.0103441196957455,0.00919444234521563,0,0,0.0117533961100055,0.0106952748214994,0,0.000386860927550335,0,0,0,8.8814690144657e-06,0,0,0,0.0968715787307299,0,0.0064151112693772,0,0.00917668587863803,0.00522161473165937,0,0,0.0104058485059669,0.0121858021253002,0.000967695723174144,0.0266021310498746,0.0141669092785247,0.00937322241609927,0,0,0.0096609996070767,0,0.00745706299191741,0.00314228779908672,0,0,0.00906807206777212,0.0011503357042807,0,0.0109836009856646,0.00934063979928152,0,0,0.139462111277672,0.00878356832651298,0.00192145983583098,0.00118663033314358,0.0085052932163013,0.0100974016098553,0.00529050195380294,0.0042522827471592,0.133321537862272
"MORN5",0,0.00376803957242532,0.0116491423336284,0.588034652716143,0,0.203509768353057,0.551055942669631,0.590529908203446,0,0,0.0402075660921253,0.235785916744197,0,0,0.00342867519327939,0.317353684766482,0.332244660485787,0.513257871091845,0.0232669496266401,0.403980539124465,7.42032008252115e-05,0.025918731893207,0,0,0.157896237598125,0,0.55385631728897,0.559838283608856,0.00547035524833846,0.0575133053772995,0.000723186903627507,0,0,0.0096609996070767,0,0,0.00208674294566845,0.202852402010866,0.00248181990179005,0.0507785552747655,0.567382017203449,0.00874781760370696,0.308998405428236,0.00162762631439394,0.0432739292117101,0.0355929961218244,0.0598929808933855,0,0,0.000655690136042257,0.0186980905883793,0.348920636266931,0.00221282104539382,0.000271146956643712,0,0.048819428390397
"MS4A8",0,0.00420638046079807,0.0253612488345609,0.53439347470604,0,0,0,0.582149159006468,0,0,0.0456632399395294,0,0,0,0.00274924938080625,0,0,0,0.0203724374707578,0,6.09629279546763e-05,0.018892999510617,0,0,0.147935755631882,0,0,0,0.00724743893953649,0.0641565437430683,0.0012215622482185,0,0,0,0,0,0.00393687980342412,0.180686897244977,0.000302151138722741,0.0451975287311302,0,0.00775834013267541,0,0.00247412416786659,0.0425668042053952,0.0484400309983317,0.0678483463519966,0,0,0.000914864820975881,0.0231836155226788,0,0.00350048016451076,0.000263494492285011,0,0.0618575758576793
"MYL9",0.00201199025181046,0.0613641499930032,0.00171304338033043,0.00218556131813836,0.00190316929244815,0.0016751329518583,0.0026789120462176,0.00335302120023183,0.00278885697824569,0.00306170866023329,0.0030731888547173,0.00102464235764746,0.00381692309791653,0.00230863939971226,0.0334353681077689,0.00263742514647155,0.00129360470203651,0.00231134128639893,3.66549762094858e-05,0.00208071591801005,0.0336905286354947,0.00683509988593511,0.00220404709826658,0.00257226512326228,0.0026192266423657,0.00211327687501465,0.00205474573054135,0.00220989691397156,0.0110668410301778,0.0211802708952026,0.0532456097013149,0.00193876244548556,0.0017242836104502,0.00745706299191741,0.00208674294566845,0.00393687980342412,0,0.00132833861737546,0.0061799624369384,0.0120222262664755,0.00162402353283606,0.000561660794085491,0.00236997074286505,0.0594332132252957,0.000360859293641062,0.000184595424927589,0.00902692246180951,0.00220233300335219,0.00262780695278374,0.0335296916193558,0.000922458338299501,0.00110383185767424,0.0464908999306505,0.027528501632126,0.00198399945113677,0.00298726184881072
"PIFO",0,0.00216748059595013,0.00343545319299306,0.219593915562042,0.187142337103005,0,0.228478336665009,0.221343138969564,0.18744018541997,0.18636744720785,0.0127103568958737,0,0.218176450238044,0.219860513023989,0.00208368790007526,0,0,0.185110744493333,0.0105114062076603,0.206805653953974,3.03907113234953e-06,0.0110954020309528,0.197281368769052,0,0,0.203937178282358,0.190557508880198,0.203872157073104,0.000905433304483148,0.0327795479043391,0.00244422556592773,0,0.180091299194633,0.00314228779908672,0.202852402010866,0.180686897244977,0.00132833861737546,0,0.00111970566608231,0.0306666343254521,0.199302219266919,0.00373756730937926,0,0.00236720087244312,0.0224828645859731,0.0154118557611719,0.0301227447502834,0.000142612038988056,0.19288287327569,0.000316751012217141,0.00382580689887357,0,0.000907554772126427,0.000965229898490512,0.181370402219733,0.0185109725372636
"PIGR",0.00127702451762964,0.00738417049485425,0.00998315763046357,0,0.00162514804171115,0.0038737827695854,0,0,0.00187919839807676,0.00144772668734251,0.031469850579087,0,0,0,0.00317715435069127,0.0018591107956187,0.0020450253454159,0.00180455770008766,0,0.00299672589747081,0.00823533313641854,0.103527015559501,0.00110865549739044,0.00216367085927196,0,0,0.00240953146506112,0.00277132405136192,0.0112658355612765,0,0.0227789310089459,0.00217755961623439,0,0,0.00248181990179005,0.000302151138722741,0.0061799624369384,0.00111970566608231,0,0.0781952492519433,0.001615209075716,0.00791828368847504,0,0.0289836933939548,0.0440273328322162,0.0138047051962469,0.0440629633739703,0.0748724969376633,0.00236530050371557,0.0236521106358688,0.00721606538500353,0.00215418365265417,0.00385640040570579,0.00984621862974756,0.0028303520274,0
"RNASE1",0.0443419604661231,0.0342446859421672,0.000736520111367651,0.0528198854353473,0.0451583105504768,0.0430443128897012,0.0552636919680008,0.0560471774435902,0.0482282432116766,0.0459511343608708,0.0215953467470779,0.0556248363677078,0.0599890969908811,0.0551130559888527,0.00764666935072858,0.0449001758561806,0.0514802520657089,0.0513092820234746,0,0.0529560917664273,0.00798171567937335,0.0945566525678407,0.049136648467214,0.0466044588269187,0.0675248443769744,0.0538129956589011,0.0489406703873942,0.0521447366522118,0.0410980865211792,0.0905133999879625,0.0161955780249054,0.0469420285093175,0.0550434997149993,0,0.0507785552747655,0.0451975287311302,0.0120222262664755,0.0306666343254521,0.0781952492519433,0,0.0496629719807912,0.00194941221728693,0.0549289329688429,0.0158148336394674,0.0551814528706885,0.0065254866288314,0.195716506749757,0.130466777833954,0.0523478983670816,0.00536313083265742,0.000164632709883116,0.0322530279072239,0.0243026207602718,0.00907233666142271,0.0476191211807508,0
"ROPN1L",0,0.00351341974113925,0.0123997391821709,0.578689316095359,0.516486647930895,0.206775171297482,0.546256433106103,0.572940469214572,0,0,0.036987246933188,0.24037154867831,0,0,0.00322958572193497,0.295939047345076,0.331518794435888,0,0.0210508802453285,0.417276618400273,0.000109516889919279,0.0267698835296401,0,0.382062404923524,0.146477472473191,0,0.529264066511133,0,0.00511913495244411,0.0548603995381553,0.00080808669590915,0,0,0.00906807206777212,0.567382017203449,0,0.00162402353283606,0.199302219266919,0.001615209075716,0.0496629719807912,0,0.00884995272236677,0,0.00160487117226757,0.0418205278993141,0.0343990052131879,0.0576450620703346,0,0.53440043730988,0.00055981776702749,0.018606227774068,0,0.00219963949915635,0.000120662711176142,0,0.0457360077548223
"RPS4Y1",0.0072291138161235,0.00237287085396979,0.000514722460093143,0.00978502743076284,0.00748495819619414,0.0136489753106706,0.0105906199426042,0.00944726539006983,0.00746897929575565,0.0125522739995374,0.00212722239771341,0.00707347175997718,0.00834778840482615,0.00840961963609105,0.0178398709526181,0.00722681408750156,0.00728334890478422,0.00810520704066861,0.0105238980589733,0.00939821082150089,0.00388847255193884,0.00331650342975266,0.00994367278576615,0.00666294265025737,0.0171918761225778,0.00872260965796344,0.00803274586496987,0.00779345990275042,0.0214074319254744,0.0175053638749786,0.00154648419892879,0.00729251434585807,0.0129123040281719,0.0011503357042807,0.00874781760370696,0.00775834013267541,0.000561660794085491,0.00373756730937926,0.00791828368847504,0.00194941221728693,0.00884995272236677,0,0.0112368696548223,0.0052053160029004,6.52529974625559e-05,0.0135085954988057,4.83260222277405e-05,0.0103321533346008,0.00587583616996628,0.00511284706347277,0.025599766890759,0.00525133752830566,0.00243330854891561,0.00104690508720505,0.00667376706790576,0.00296085752985627
"RSPH1",0,0.00515190272352399,0.00650889954570806,0.352847112303836,0,0,0.354065934667914,0.355951018390494,0,0,0.031008979569242,0,0.327105297609151,0.323048629190972,0.0018292228706774,0,0,0,0.00875683738009517,0,6.57087997803622e-05,0.0307538904048187,0.310803123057617,0,0.137909848425608,0.308003902423238,0,0.31359784341181,0.00352883030909493,0.0657136858823922,0.00121014438311819,0,0,0,0.308998405428236,0,0.00236997074286505,0,0,0.0549289329688429,0,0.0112368696548223,0,0.00202183728496078,0.0355572245116237,0.0202309167083826,0.0588095735051126,0,0,2.88805812396442e-06,0.0160038506009561,0,0.00183330940869185,0.000458707037397258,0,0.0209350706803861
"RTKN2",0.00167724728756325,0.146817049111283,0.000452880927526943,0.00219007919740565,0.00155820390886237,0.00089714488627636,0.00172570691465263,0.00219245948345392,0.00187385253117045,0.00159753819728478,0.0264051563849325,0.00162392376576732,0.00132108162113442,0.00162454421479306,0.0498111672639575,0.00100375825314699,0.00234069856844496,0.0017405043931432,0.0024307269820289,0.00144173501664782,0.0786405671581549,0.0342291506842693,0.00186956586457299,0.00147573822745144,0.00124984563007439,0.00134882993478481,0.00186238625574779,0.00196523887141462,0.00416093676527211,0.0128264656942749,0.186822081021533,0.00202487943155245,0.00031657645034684,0.0109836009856646,0.00162762631439394,0.00247412416786659,0.0594332132252957,0.00236720087244312,0.0289836933939548,0.0158148336394674,0.00160487117226757,0.0052053160029004,0.00202183728496078,0,0.00500245588144962,0.00193588479779823,0.00266760642205228,4.83694188350318e-06,0.00258416074860545,0.12505140392677,0.023980722396276,0.000691132825522133,0.0763944227617293,0.0962063347077359,0.000853265902924403,0.0239013193875572
"S100A14",0.037800492782695,2.99774806914988e-05,0.00134524367728189,0.0449239960239182,0.0397946713534273,0.0359513280169255,0.0490599726395252,0.0500885086840174,0.0425005270082059,0.0325893590909384,0.0261177394934446,0.0316775078091581,0.0521963805983536,0.0452458533257288,0.000912631140258265,0.0357552753250353,0.0370535050301595,0.0421615079261395,0.0104503430870691,0.0392454191135159,0.00113028097100858,0.0560322083451236,0.042130432090706,0.0382971652832822,0.0234800037736341,0.0454577499605664,0.0432306774925444,0.0452362111202678,0.00879210086657975,0,0.00375204143723482,0.0402289528883523,0.0444546953759651,0.00934063979928152,0.0432739292117101,0.0425668042053952,0.000360859293641062,0.0224828645859731,0.0440273328322162,0.0551814528706885,0.0418205278993141,6.52529974625559e-05,0.0355572245116237,0.00500245588144962,0,0.000425749827800033,0.0927997556723166,0.0582149854129089,0.0431781270274763,0.00659831926902707,0.00665184377657007,0.0307147115293826,0.000291657409892091,0.00289004717755686,0.0385313696007488,0
"SCGB1A1",0.030007594459217,0.00232244644826564,0.0372282035636181,0.0407798748347271,0.0324726612772442,0.0184370456049848,0.0414679501162324,0.0438627174018069,0.039338197804168,0.0229631159370653,0.0109792119633856,0.0120474699228201,0.0388298243621438,0.0307372645192,0.000823989323236176,0.0245439005721031,0.0211395230723812,0.0363734949143137,0.047318693102413,0.0242612747467097,0.00552364196893569,0.00147842096553743,0.0389033714715518,0.0288448533202753,0.00638029015070742,0.0324471574030984,0.0362521038617171,0.0393126929160507,0.000825530969604287,0.00823060078805117,0.00300422906723049,0.033422524843487,0.0264317937473923,0,0.0355929961218244,0.0484400309983317,0.000184595424927589,0.0154118557611719,0.0138047051962469,0.0065254866288314,0.0343990052131879,0.0135085954988057,0.0202309167083826,0.00193588479779823,0.000425749827800033,0,2.42276130727494e-05,0,0.0344983890628898,0.00263262146993495,0.0204334477627024,0.0286936741012311,0.00300823338378525,0.00583914958179907,0.0310759728112573,0.173446518125335
"SFTA2",0.0504470136428203,0.0197679025083464,0.0194728087421353,0.0630909405339101,0.0546963306296395,0.0532069072876597,0.0668879149613351,0.0691671721752613,0.0607004955824453,0.0521418063584917,0.0354431041291385,0.0649572566600467,0.0731294542578056,0.0627659781089831,0.00187607818384295,0.0598311637173315,0.057487642532291,0.0616131843414704,0,0.0575568746038914,0.000993666188304727,0.0834713565430857,0.0602847872691882,0.0552057760079293,0.0614791870095361,0.0639676482904567,0.058730193711307,0.0600647077383789,0.0221802625810862,0.109215618608536,0.00372134920234703,0.054939346960395,0.0637609885080076,0,0.0598929808933855,0.0678483463519966,0.00902692246180951,0.0301227447502834,0.0440629633739703,0.195716506749757,0.0576450620703346,4.83260222277405e-05,0.0588095735051126,0.00266760642205228,0.0927997556723166,2.42276130727494e-05,0,0.153663962988645,0.0608902300735608,7.67830690465667e-06,0.0114436534668068,0.0407677525228592,0.0142013480042033,0.001247604255227,0.0539286056784052,0
"SFTPC",0,0.0102122710418747,0.000101729560182024,0,0,0,0,0,0,0,0.0223707164333481,0,0,0,2.88416311936041e-08,0,0,0,0.156075819657624,0,0.00055510914501535,0.0772253511941984,0,0,0.0201038867248092,0,0,0,0.0177888797237563,0,0.000411073216276244,0,0,0.139462111277672,0,0,0.00220233300335219,0.000142612038988056,0.0748724969376633,0.130466777833954,0,0.0103321533346008,0,4.83694188350318e-06,0.0582149854129089,0,0.153663962988645,0,0,0.000567420005588297,4.22812216039961e-05,0.000329583822930192,0.00618414179072981,5.77310304575576e-05,0,0.135729382251335
"SNTN",0,0.00374432666807384,0.0112740997947341,0,0.503113127265488,0.192438672706557,0,0.632422230849071,0,0,0.0410527496631571,0.215372709620255,0,0,0.00374762398257627,0.297021903502455,0,0,0.0208315233341024,0,1.13985091498376e-05,0.0239823325812946,0,0,0.148222604906336,0,0,0,0.00596956015813901,0.0549982941126865,0.000974569291345687,0,0,0.00878356832651298,0,0,0.00262780695278374,0.19288287327569,0.00236530050371557,0.0523478983670816,0.53440043730988,0.00587583616996628,0,0.00258416074860545,0.0431781270274763,0.0344983890628898,0.0608902300735608,0,0,0.00117481258807176,0.0172610129137378,0,0.00281623061040036,0.000262112451110637,0.35914128091093,0.0471183335610613
"SPOCK2",0.000308416018667076,0,2.74094964931572e-05,0.00105169973634711,0.000696960730477047,0.00126895967047276,0.000427259706998649,0.000913631511638289,0.000390522824731719,6.38868727499232e-05,0.0212160294933622,9.56839590778189e-07,2.98392719589216e-05,7.32482396065103e-05,0.0323354588376082,9.33131386405528e-05,0.000357385641709926,0.000647127921323784,0.00370986752424996,0.000103977755029439,0.0568738554404766,0.0314765272444714,0.000500486956779843,0.000214212706752701,1.271674718676e-05,0.000146883268375519,0.000788456644131415,0.000854074582598019,0.00442882303717348,0.00104865370760819,0.103198689049869,0.000705423252038516,3.65355277162208e-05,0.00192145983583098,0.000655690136042257,0.000914864820975881,0.0335296916193558,0.000316751012217141,0.0236521106358688,0.00536313083265742,0.00055981776702749,0.00511284706347277,2.88805812396442e-06,0.12505140392677,0.00659831926902707,0.00263262146993495,7.67830690465667e-06,0.000567420005588297,0.00117481258807176,0,0.0240346208522704,0.000374479194345497,0.0487284286543889,0.0685491170046417,9.74543127791408e-06,0.0106416745924676
"TFPI",0.0151770167583086,0.0153713264059661,0.00755784120081916,0.0193432826999382,0.016376557578414,0.0172621381642241,0.0220983593892952,0.0227988009413926,0.0204775639768792,0.0130753530091577,0.0701659041967519,0.0126596693001553,0.024345053774656,0.0178084696208727,0.0146763514876115,0.0188893372887215,0.0143165518968105,0.0184287941220768,0.00122462550649601,0.0145285242100476,0.0159823497037008,0.0263915525458227,0.0180349870584514,0.0152276511844239,0.0278657101504422,0.0179850320243644,0.0186531434620986,0.0194559197447876,0.00112457902324949,0.0328088034910632,0.0157379640778922,0.0177243320898355,0.0214655792842037,0.00118663033314358,0.0186980905883793,0.0231836155226788,0.000922458338299501,0.00382580689887357,0.00721606538500353,0.000164632709883116,0.018606227774068,0.025599766890759,0.0160038506009561,0.023980722396276,0.00665184377657007,0.0204334477627024,0.0114436534668068,4.22812216039961e-05,0.0172610129137378,0.0240346208522704,0,0.0144279062309402,0.0104862526821836,0.014551053341998,0.019461163214873,0.0429071054748251
"TMEM190",0,0.0021145703105872,0.0126634731263453,0.33395721342449,0,0,0,0.366272766217002,0.329745376415693,0,0.0296310024692925,0,0,0,0.00216568590244358,0,0,0,0.01598043872105,0,0.000284565563887893,0.0170299045865173,0,0,0,0,0.338667613020909,0.375824030643215,0.00425494086465958,0.0403992841346629,0.000352796143067995,0,0,0.0085052932163013,0.348920636266931,0,0.00110383185767424,0,0.00215418365265417,0.0322530279072239,0,0.00525133752830566,0,0.000691132825522133,0.0307147115293826,0.0286936741012311,0.0407677525228592,0.000329583822930192,0,0.000374479194345497,0.0144279062309402,0,0.00131346666698362,9.4836831039483e-05,0,0.0405324604226734
"TNNC1",0.0020504659848007,0.1016697598886,0.000938483432871976,0.00272642227869873,0.00176886393748089,1.07194671932365e-05,0.00236909803092303,0.00277619617235463,0.00277845370511426,0.00135073889804791,0.00426642712138088,0.00123492866093698,0.00200114324842615,0.00215620971916914,0.0453629338592039,0.00191355292618421,0.00217167670497534,0.0020346968031757,1.04068745595849e-05,0.00194273791749974,0.061920246799987,0.00566767552035787,0.00184343841290615,0.00195378886598543,0.00330610617194149,0.0017349835016991,0.00265248787643304,0.00269429453293704,0.0203075427496587,0.0229360502361019,0.0698362914331316,0.00281621980167401,0.00130523272510679,0.0100974016098553,0.00221282104539382,0.00350048016451076,0.0464908999306505,0.000907554772126427,0.00385640040570579,0.0243026207602718,0.00219963949915635,0.00243330854891561,0.00183330940869185,0.0763944227617293,0.000291657409892091,0.00300823338378525,0.0142013480042033,0.00618414179072981,0.00281623061040036,0.0487284286543889,0.0104862526821836,0.00131346666698362,0,0.045784642607156,0.00147962153702494,0.00886088753076485
"UPK3B",0.000138265687713951,0.0690432717550681,0.000146834003026687,0.000188276307133591,0.000200596261175502,0.000311495547873878,0.00033510351917789,3.34980712530489e-05,0.000254430504279572,0.000580459712952944,0.0143855206486644,0.000470919994907941,0.00027253927147532,0.000295001337771615,0.027610979867237,5.35672620652872e-06,0.000341427475916034,0.000281666830939085,0.00274463737326555,0.000407070438034132,0.0445112318589406,0.0140614904238384,0.000228325099649155,0.000328045806411571,0.000820535518056618,0.00023418157794045,0.000189814955818089,0.000120460682142401,0.00339336443567228,0.00565572173716792,0.0980624192536762,0.00021618542611541,6.99877677297858e-05,0.00529050195380294,0.000271146956643712,0.000263494492285011,0.027528501632126,0.000965229898490512,0.00984621862974756,0.00907233666142271,0.000120662711176142,0.00104690508720505,0.000458707037397258,0.0962063347077359,0.00289004717755686,0.00583914958179907,0.001247604255227,5.77310304575576e-05,0.000262112451110637,0.0685491170046417,0.014551053341998,9.4836831039483e-05,0.045784642607156,0,0.000251054545986956,0.0158438942947201
"ZMYND10",0,0.00314379945067316,0.00864177097522769,0.36523186079709,0,0.197945158039554,0.386964546428232,0.40439528033559,0.366078400908582,0,0.0325705352127847,0,0.40889898022893,0,0.0029439479382499,0,0,0,0.0169961835647901,0,0.000221534466243961,0.0234038848323886,0,0,0.136629145532205,0,0,0.372958259370927,0.00345594991495915,0.0593863200229074,0.00107142919429219,0,0,0.0042522827471592,0,0,0.00198399945113677,0.181370402219733,0.0028303520274,0.0476191211807508,0,0.00667376706790576,0,0.000853265902924403,0.0385313696007488,0.0310759728112573,0.0539286056784052,0,0.35914128091093,9.74543127791408e-06,0.019461163214873,0,0.00147962153702494,0.000251054545986956,0,0.0413387205833695
"class",0.0427370002440604,0.0196097142826614,0.0189282554406603,0.0535728617715555,0.0433742890437056,0,0.0538520540804127,0.0608193445657024,0.0560510204133398,0.0218222278234436,0.0240508929298688,0,0.050070858978704,0.0394804288476898,0.00032495596638252,0.0269542325599542,0.0215924554782554,0.0444934184650596,0,0.0243782941835639,0.0112040619682765,0,0.0455035693027198,0.0336092393164332,0,0.0409388119520413,0.0493617570674383,0.0528589432710321,0.0120137270309174,0,0.0270226631211623,0.0446382220030428,0.0284465519669655,0.133321537862272,0.048819428390397,0.0618575758576793,0.00298726184881072,0.0185109725372636,0,0,0.0457360077548223,0.00296085752985627,0.0209350706803861,0.0239013193875572,0,0.173446518125335,0,0.135729382251335,0.0471183335610613,0.0106416745924676,0.0429071054748251,0.0405324604226734,0.00886088753076485,0.0158438942947201,0.0413387205833695,0
